"isco08","isei08"
"0000",51.25
"0001",51.25
"0002",51.25
"0003",51.25
"0004",51.25
"0005",51.25
"0006",51.25
"0007",51.25
"0008",51.25
"0009",51.25
"0010",51.25
"0011",51.25
"0012",51.25
"0013",51.25
"0014",51.25
"0015",51.25
"0016",51.25
"0017",51.25
"0018",51.25
"0019",51.25
"0020",51.25
"0021",51.25
"0022",51.25
"0023",51.25
"0024",51.25
"0025",51.25
"0026",51.25
"0027",51.25
"0028",51.25
"0029",51.25
"0030",51.25
"0031",51.25
"0032",51.25
"0033",51.25
"0034",51.25
"0035",51.25
"0036",51.25
"0037",51.25
"0038",51.25
"0039",51.25
"0040",51.25
"0041",51.25
"0042",51.25
"0043",51.25
"0044",51.25
"0045",51.25
"0046",51.25
"0047",51.25
"0048",51.25
"0049",51.25
"0050",51.25
"0051",60.92
"0052",60.92
"0053",60.92
"0054",60.92
"0055",60.92
"0056",60.92
"0057",60.92
"0058",60.92
"0059",60.92
"0060",60.92
"0061",60.92
"0062",60.92
"0063",60.92
"0064",60.92
"0065",60.92
"0066",60.92
"0067",60.92
"0068",60.92
"0069",60.92
"0070",60.92
"0071",60.92
"0072",60.92
"0073",60.92
"0074",60.92
"0075",60.92
"0076",60.92
"0077",60.92
"0078",60.92
"0079",60.92
"0080",60.92
"0081",60.92
"0082",60.92
"0083",60.92
"0084",60.92
"0085",60.92
"0086",60.92
"0087",60.92
"0088",60.92
"0089",60.92
"0090",60.92
"0091",60.92
"0092",60.92
"0093",60.92
"0094",60.92
"0095",60.92
"0096",60.92
"0097",60.92
"0098",60.92
"0099",60.92
"0100",60.92
"0101",60.92
"0102",60.92
"0103",60.92
"0104",60.92
"0105",60.92
"0106",60.92
"0107",60.92
"0108",60.92
"0109",60.92
"0110",60.92
"0111",60.92
"0112",60.92
"0113",60.92
"0114",60.92
"0115",60.92
"0116",60.92
"0117",60.92
"0118",60.92
"0119",60.92
"0120",60.92
"0121",60.92
"0122",60.92
"0123",60.92
"0124",60.92
"0125",60.92
"0126",60.92
"0127",60.92
"0128",60.92
"0129",60.92
"0130",60.92
"0131",60.92
"0132",60.92
"0133",60.92
"0134",60.92
"0135",60.92
"0136",60.92
"0137",60.92
"0138",60.92
"0139",60.92
"0140",60.92
"0141",60.92
"0142",60.92
"0143",60.92
"0144",60.92
"0145",60.92
"0146",60.92
"0147",60.92
"0148",60.92
"0149",60.92
"0150",60.92
"0151",60.92
"0152",60.92
"0153",60.92
"0154",60.92
"0155",60.92
"0156",51.63
"0157",51.63
"0158",51.63
"0159",51.63
"0160",51.63
"0161",51.63
"0162",51.63
"0163",51.63
"0164",51.63
"0165",51.63
"0166",51.63
"0167",51.63
"0168",51.63
"0169",51.63
"0170",51.63
"0171",51.63
"0172",51.63
"0173",51.63
"0174",51.63
"0175",51.63
"0176",51.63
"0177",51.63
"0178",51.63
"0179",51.63
"0180",51.63
"0181",51.63
"0182",51.63
"0183",51.63
"0184",51.63
"0185",51.63
"0186",51.63
"0187",51.63
"0188",51.63
"0189",51.63
"0190",51.63
"0191",51.63
"0192",51.63
"0193",51.63
"0194",51.63
"0195",51.63
"0196",51.63
"0197",51.63
"0198",51.63
"0199",51.63
"0200",51.63
"0201",51.63
"0202",51.63
"0203",51.63
"0204",51.63
"0205",51.63
"0206",51.63
"0207",51.63
"0208",51.63
"0209",51.63
"0210",51.63
"0211",51.63
"0212",51.63
"0213",51.63
"0214",51.63
"0215",51.63
"0216",51.63
"0217",51.63
"0218",51.63
"0219",51.63
"0220",51.63
"0221",51.63
"0222",51.63
"0223",51.63
"0224",51.63
"0225",51.63
"0226",51.63
"0227",51.63
"0228",51.63
"0229",51.63
"0230",51.63
"0231",51.63
"0232",51.63
"0233",51.63
"0234",51.63
"0235",51.63
"0236",51.63
"0237",51.63
"0238",51.63
"0239",51.63
"0240",51.63
"0241",51.63
"0242",51.63
"0243",51.63
"0244",51.63
"0245",51.63
"0246",51.63
"0247",51.63
"0248",51.63
"0249",51.63
"0250",51.63
"0251",51.63
"0252",51.63
"0253",51.63
"0254",51.63
"0255",51.63
"0256",29.18
"0257",29.18
"0258",29.18
"0259",29.18
"0260",29.18
"0261",29.18
"0262",29.18
"0263",29.18
"0264",29.18
"0265",29.18
"0266",29.18
"0267",29.18
"0268",29.18
"0269",29.18
"0270",29.18
"0271",29.18
"0272",29.18
"0273",29.18
"0274",29.18
"0275",29.18
"0276",29.18
"0277",29.18
"0278",29.18
"0279",29.18
"0280",29.18
"0281",29.18
"0282",29.18
"0283",29.18
"0284",29.18
"0285",29.18
"0286",29.18
"0287",29.18
"0288",29.18
"0289",29.18
"0290",29.18
"0291",29.18
"0292",29.18
"0293",29.18
"0294",29.18
"0295",29.18
"0296",29.18
"0297",29.18
"0298",29.18
"0299",29.18
"0300",29.18
"0301",29.18
"0302",29.18
"0303",29.18
"0304",29.18
"0305",29.18
"0306",29.18
"0307",29.18
"0308",29.18
"0309",29.18
"0310",29.18
"0311",29.18
"0312",29.18
"0313",29.18
"0314",29.18
"0315",29.18
"0316",29.18
"0317",29.18
"0318",29.18
"0319",29.18
"0320",29.18
"0321",29.18
"0322",29.18
"0323",29.18
"0324",29.18
"0325",29.18
"0326",29.18
"0327",29.18
"0328",29.18
"0329",29.18
"0330",29.18
"0331",29.18
"0332",29.18
"0333",29.18
"0334",29.18
"0335",29.18
"0336",29.18
"0337",29.18
"0338",29.18
"0339",29.18
"0340",29.18
"0341",29.18
"0342",29.18
"0343",29.18
"0344",29.18
"0345",29.18
"0346",29.18
"0347",29.18
"0348",29.18
"0349",29.18
"0350",29.18
"0351",29.18
"0352",29.18
"0353",29.18
"0354",29.18
"0355",29.18
"0356",29.18
"0357",29.18
"0358",29.18
"0359",29.18
"0360",29.18
"0361",29.18
"0362",29.18
"0363",29.18
"0364",29.18
"0365",29.18
"0366",29.18
"0367",29.18
"0368",29.18
"0369",29.18
"0370",29.18
"0371",29.18
"0372",29.18
"0373",29.18
"0374",29.18
"0375",29.18
"0376",29.18
"0377",29.18
"0378",29.18
"0379",29.18
"0380",29.18
"0381",29.18
"0382",29.18
"0383",29.18
"0384",29.18
"0385",29.18
"0386",29.18
"0387",29.18
"0388",29.18
"0389",29.18
"0390",29.18
"0391",29.18
"0392",29.18
"0393",29.18
"0394",29.18
"0395",29.18
"0396",29.18
"0397",29.18
"0398",29.18
"0399",29.18
"0400",29.18
"0401",29.18
"0402",29.18
"0403",29.18
"0404",29.18
"0405",29.18
"0406",29.18
"0407",29.18
"0408",29.18
"0409",29.18
"0410",29.18
"0411",29.18
"0412",29.18
"0413",29.18
"0414",29.18
"0415",29.18
"0416",29.18
"0417",29.18
"0418",29.18
"0419",29.18
"0420",29.18
"0421",29.18
"0422",29.18
"0423",29.18
"0424",29.18
"0425",29.18
"0426",29.18
"0427",29.18
"0428",29.18
"0429",29.18
"0430",29.18
"0431",29.18
"0432",29.18
"0433",29.18
"0434",29.18
"0435",29.18
"0436",29.18
"0437",29.18
"0438",29.18
"0439",29.18
"0440",29.18
"0441",29.18
"0442",29.18
"0443",29.18
"0444",29.18
"0445",29.18
"0446",29.18
"0447",29.18
"0448",29.18
"0449",29.18
"0450",29.18
"0451",29.18
"0452",29.18
"0453",29.18
"0454",29.18
"0455",29.18
"0456",29.18
"0457",29.18
"0458",29.18
"0459",29.18
"0460",29.18
"0461",29.18
"0462",29.18
"0463",29.18
"0464",29.18
"0465",29.18
"0466",29.18
"0467",29.18
"0468",29.18
"0469",29.18
"0470",29.18
"0471",29.18
"0472",29.18
"0473",29.18
"0474",29.18
"0475",29.18
"0476",29.18
"0477",29.18
"0478",29.18
"0479",29.18
"0480",29.18
"0481",29.18
"0482",29.18
"0483",29.18
"0484",29.18
"0485",29.18
"0486",29.18
"0487",29.18
"0488",29.18
"0489",29.18
"0490",29.18
"0491",29.18
"0492",29.18
"0493",29.18
"0494",29.18
"0495",29.18
"0496",29.18
"0497",29.18
"0498",29.18
"0499",29.18
"0500",29.18
"0501",29.18
"0502",29.18
"0503",29.18
"0504",29.18
"0505",29.18
"0506",29.18
"0507",29.18
"0508",29.18
"0509",29.18
"0510",29.18
"0511",29.18
"0512",29.18
"0513",29.18
"0514",29.18
"0515",29.18
"0516",29.18
"0517",29.18
"0518",29.18
"0519",29.18
"0520",29.18
"0521",29.18
"0522",29.18
"0523",29.18
"0524",29.18
"0525",29.18
"0526",29.18
"0527",29.18
"0528",29.18
"0529",29.18
"0530",29.18
"0531",29.18
"0532",29.18
"0533",29.18
"0534",29.18
"0535",29.18
"0536",29.18
"0537",29.18
"0538",29.18
"0539",29.18
"0540",29.18
"0541",29.18
"0542",29.18
"0543",29.18
"0544",29.18
"0545",29.18
"0546",29.18
"0547",29.18
"0548",29.18
"0549",29.18
"0550",29.18
"0551",29.18
"0552",29.18
"0553",29.18
"0554",29.18
"0555",29.18
"0556",29.18
"0557",29.18
"0558",29.18
"0559",29.18
"0560",29.18
"0561",29.18
"0562",29.18
"0563",29.18
"0564",29.18
"0565",29.18
"0566",29.18
"0567",29.18
"0568",29.18
"0569",29.18
"0570",29.18
"0571",29.18
"0572",29.18
"0573",29.18
"0574",29.18
"0575",29.18
"0576",29.18
"0577",29.18
"0578",29.18
"0579",29.18
"0580",29.18
"0581",29.18
"0582",29.18
"0583",29.18
"0584",29.18
"0585",29.18
"0586",29.18
"0587",29.18
"0588",29.18
"0589",29.18
"0590",29.18
"0591",29.18
"0592",29.18
"0593",29.18
"0594",29.18
"0595",29.18
"0596",29.18
"0597",29.18
"0598",29.18
"0599",29.18
"0600",29.18
"0601",29.18
"0602",29.18
"0603",29.18
"0604",29.18
"0605",29.18
"0606",29.18
"0607",29.18
"0608",29.18
"0609",29.18
"0610",29.18
"0611",29.18
"0612",29.18
"0613",29.18
"0614",29.18
"0615",29.18
"0616",29.18
"0617",29.18
"0618",29.18
"0619",29.18
"0620",29.18
"0621",29.18
"0622",29.18
"0623",29.18
"0624",29.18
"0625",29.18
"0626",29.18
"0627",29.18
"0628",29.18
"0629",29.18
"0630",29.18
"0631",29.18
"0632",29.18
"0633",29.18
"0634",29.18
"0635",29.18
"0636",29.18
"0637",29.18
"0638",29.18
"0639",29.18
"0640",29.18
"0641",29.18
"0642",29.18
"0643",29.18
"0644",29.18
"0645",29.18
"0646",29.18
"0647",29.18
"0648",29.18
"0649",29.18
"0650",29.18
"0651",29.18
"0652",29.18
"0653",29.18
"0654",29.18
"0655",29.18
"0656",65.12
"0657",65.12
"0658",65.12
"0659",65.12
"0660",65.12
"0661",65.12
"0662",65.12
"0663",65.12
"0664",65.12
"0665",65.12
"0666",65.12
"0667",65.12
"0668",65.12
"0669",65.12
"0670",65.12
"0671",65.12
"0672",65.12
"0673",65.12
"0674",65.12
"0675",65.12
"0676",65.12
"0677",65.12
"0678",65.12
"0679",65.12
"0680",65.12
"0681",65.12
"0682",65.12
"0683",65.12
"0684",65.12
"0685",65.12
"0686",65.12
"0687",65.12
"0688",65.12
"0689",65.12
"0690",65.12
"0691",65.12
"0692",65.12
"0693",65.12
"0694",65.12
"0695",65.12
"0696",65.12
"0697",65.12
"0698",65.12
"0699",65.12
"0700",65.12
"0701",65.12
"0702",65.12
"0703",65.12
"0704",65.12
"0705",65.12
"0706",65.12
"0707",65.12
"0708",65.12
"0709",65.12
"0710",65.12
"0711",65.12
"0712",65.12
"0713",65.12
"0714",65.12
"0715",65.12
"0716",65.12
"0717",65.12
"0718",65.12
"0719",65.12
"0720",65.12
"0721",65.12
"0722",65.12
"0723",65.12
"0724",65.12
"0725",65.12
"0726",65.12
"0727",65.12
"0728",65.12
"0729",65.12
"0730",65.12
"0731",65.12
"0732",65.12
"0733",65.12
"0734",65.12
"0735",65.12
"0736",65.12
"0737",65.12
"0738",65.12
"0739",65.12
"0740",65.12
"0741",65.12
"0742",65.12
"0743",65.12
"0744",65.12
"0745",65.12
"0746",65.12
"0747",65.12
"0748",65.12
"0749",65.12
"0750",65.12
"0751",65.12
"0752",65.12
"0753",65.12
"0754",65.12
"0755",65.12
"0756",65.12
"0757",65.12
"0758",65.12
"0759",65.12
"0760",65.12
"0761",65.12
"0762",65.12
"0763",65.12
"0764",65.12
"0765",65.12
"0766",65.12
"0767",65.12
"0768",65.12
"0769",65.12
"0770",65.12
"0771",65.12
"0772",65.12
"0773",65.12
"0774",65.12
"0775",65.12
"0776",65.12
"0777",65.12
"0778",65.12
"0779",65.12
"0780",65.12
"0781",65.12
"0782",65.12
"0783",65.12
"0784",65.12
"0785",65.12
"0786",65.12
"0787",65.12
"0788",65.12
"0789",65.12
"0790",65.12
"0791",65.12
"0792",65.12
"0793",65.12
"0794",65.12
"0795",65.12
"0796",65.12
"0797",65.12
"0798",65.12
"0799",65.12
"0800",65.12
"0801",65.12
"0802",65.12
"0803",65.12
"0804",65.12
"0805",65.12
"0806",65.12
"0807",65.12
"0808",65.12
"0809",65.12
"0810",65.12
"0811",65.12
"0812",65.12
"0813",65.12
"0814",65.12
"0815",65.12
"0816",65.12
"0817",65.12
"0818",65.12
"0819",65.12
"0820",65.12
"0821",65.12
"0822",65.12
"0823",65.12
"0824",65.12
"0825",65.12
"0826",65.12
"0827",65.12
"0828",65.12
"0829",65.12
"0830",65.12
"0831",65.12
"0832",65.12
"0833",65.12
"0834",65.12
"0835",65.12
"0836",65.12
"0837",65.12
"0838",65.12
"0839",65.12
"0840",65.12
"0841",65.12
"0842",65.12
"0843",65.12
"0844",65.12
"0845",65.12
"0846",65.12
"0847",65.12
"0848",65.12
"0849",65.12
"0850",65.12
"0851",65.12
"0852",65.12
"0853",65.12
"0854",65.12
"0855",65.12
"0856",65.12
"0857",65.12
"0858",65.12
"0859",65.12
"0860",65.12
"0861",65.12
"0862",65.12
"0863",65.12
"0864",65.12
"0865",65.12
"0866",65.12
"0867",65.12
"0868",65.12
"0869",65.12
"0870",65.12
"0871",65.12
"0872",65.12
"0873",65.12
"0874",65.12
"0875",65.12
"0876",65.12
"0877",65.12
"0878",65.12
"0879",65.12
"0880",65.12
"0881",65.12
"0882",65.12
"0883",65.12
"0884",65.12
"0885",65.12
"0886",65.12
"0887",65.12
"0888",65.12
"0889",65.12
"0890",65.12
"0891",65.12
"0892",65.12
"0893",65.12
"0894",65.12
"0895",65.12
"0896",65.12
"0897",65.12
"0898",65.12
"0899",65.12
"0900",65.12
"0901",65.12
"0902",65.12
"0903",65.12
"0904",65.12
"0905",65.12
"0906",65.12
"0907",65.12
"0908",65.12
"0909",65.12
"0910",65.12
"0911",65.12
"0912",65.12
"0913",65.12
"0914",65.12
"0915",65.12
"0916",65.12
"0917",65.12
"0918",65.12
"0919",65.12
"0920",65.12
"0921",65.12
"0922",65.12
"0923",65.12
"0924",65.12
"0925",65.12
"0926",65.12
"0927",65.12
"0928",65.12
"0929",65.12
"0930",65.12
"0931",65.12
"0932",65.12
"0933",65.12
"0934",65.12
"0935",65.12
"0936",65.12
"0937",65.12
"0938",65.12
"0939",65.12
"0940",65.12
"0941",65.12
"0942",65.12
"0943",65.12
"0944",65.12
"0945",65.12
"0946",65.12
"0947",65.12
"0948",65.12
"0949",65.12
"0950",65.12
"0951",65.12
"0952",65.12
"0953",65.12
"0954",65.12
"0955",65.12
"0956",65.12
"0957",65.12
"0958",65.12
"0959",65.12
"0960",65.12
"0961",65.12
"0962",65.12
"0963",65.12
"0964",65.12
"0965",65.12
"0966",65.12
"0967",65.12
"0968",65.12
"0969",65.12
"0970",65.12
"0971",65.12
"0972",65.12
"0973",65.12
"0974",65.12
"0975",65.12
"0976",65.12
"0977",65.12
"0978",65.12
"0979",65.12
"0980",65.12
"0981",65.12
"0982",65.12
"0983",65.12
"0984",65.12
"0985",65.12
"0986",65.12
"0987",65.12
"0988",65.12
"0989",65.12
"0990",65.12
"0991",65.12
"0992",65.12
"0993",65.12
"0994",65.12
"0995",65.12
"0996",65.12
"0997",65.12
"0998",65.12
"0999",65.12
"1000",65.12
"1001",65.12
"1002",65.12
"1003",65.12
"1004",65.12
"1005",65.12
"1006",65.12
"1007",65.12
"1008",65.12
"1009",65.12
"1010",65.12
"1011",65.12
"1012",65.12
"1013",65.12
"1014",65.12
"1015",65.12
"1016",65.12
"1017",65.12
"1018",65.12
"1019",65.12
"1020",65.12
"1021",65.12
"1022",65.12
"1023",65.12
"1024",65.12
"1025",65.12
"1026",65.12
"1027",65.12
"1028",65.12
"1029",65.12
"1030",65.12
"1031",65.12
"1032",65.12
"1033",65.12
"1034",65.12
"1035",65.12
"1036",65.12
"1037",65.12
"1038",65.12
"1039",65.12
"1040",65.12
"1041",65.12
"1042",65.12
"1043",65.12
"1044",65.12
"1045",65.12
"1046",65.12
"1047",65.12
"1048",65.12
"1049",65.12
"1050",65.12
"1051",71.72
"1052",71.72
"1053",71.72
"1054",71.72
"1055",71.72
"1056",71.72
"1057",71.72
"1058",71.72
"1059",71.72
"1060",71.72
"1061",71.72
"1062",71.72
"1063",71.72
"1064",71.72
"1065",71.72
"1066",71.72
"1067",71.72
"1068",71.72
"1069",71.72
"1070",71.72
"1071",71.72
"1072",71.72
"1073",71.72
"1074",71.72
"1075",71.72
"1076",71.72
"1077",71.72
"1078",71.72
"1079",71.72
"1080",71.72
"1081",71.72
"1082",71.72
"1083",71.72
"1084",71.72
"1085",71.72
"1086",71.72
"1087",71.72
"1088",71.72
"1089",71.72
"1090",71.72
"1091",71.72
"1092",71.72
"1093",71.72
"1094",71.72
"1095",71.72
"1096",71.72
"1097",71.72
"1098",71.72
"1099",71.72
"1100",71.72
"1101",71.72
"1102",71.72
"1103",71.72
"1104",71.72
"1105",71.72
"1106",74.5
"1107",74.5
"1108",74.5
"1109",74.5
"1110",74.5
"1111",68.77
"1112",78.76
"1113",64.98
"1114",71.29
"1115",71.29
"1116",71.29
"1117",71.29
"1118",70.34
"1119",70.34
"1120",70.34
"1121",70.34
"1122",70.34
"1123",70.34
"1124",70.34
"1125",70.34
"1126",70.34
"1127",70.34
"1128",70.34
"1129",70.34
"1130",70.34
"1131",70.34
"1132",70.34
"1133",70.34
"1134",70.34
"1135",70.34
"1136",70.34
"1137",70.34
"1138",70.34
"1139",70.34
"1140",70.34
"1141",70.34
"1142",70.34
"1143",70.34
"1144",70.34
"1145",70.34
"1146",70.34
"1147",70.34
"1148",70.34
"1149",70.34
"1150",70.34
"1151",70.34
"1152",70.34
"1153",70.34
"1154",70.34
"1155",70.34
"1156",70.34
"1157",70.34
"1158",70.34
"1159",70.34
"1160",70.34
"1161",72.94
"1162",72.94
"1163",72.94
"1164",72.94
"1165",72.94
"1166",72.94
"1167",72.94
"1168",72.94
"1169",72.94
"1170",72.94
"1171",72.94
"1172",72.94
"1173",72.94
"1174",72.94
"1175",72.94
"1176",72.94
"1177",72.94
"1178",72.94
"1179",72.94
"1180",72.94
"1181",72.94
"1182",72.94
"1183",72.94
"1184",72.94
"1185",72.94
"1186",72.94
"1187",72.94
"1188",72.94
"1189",72.94
"1190",72.94
"1191",72.94
"1192",72.94
"1193",72.94
"1194",72.94
"1195",72.94
"1196",72.94
"1197",72.94
"1198",72.94
"1199",72.94
"1200",72.94
"1201",72.94
"1202",72.94
"1203",72.94
"1204",72.94
"1205",72.94
"1206",72.24
"1207",72.24
"1208",72.24
"1209",72.24
"1210",72.24
"1211",73.38
"1212",74.79
"1213",70.57
"1214",70.57
"1215",70.57
"1216",70.57
"1217",68.54
"1218",68.54
"1219",68.54
"1220",73.71
"1221",71.39
"1222",75.25
"1223",81.92
"1224",81.92
"1225",81.92
"1226",81.92
"1227",81.92
"1228",81.92
"1229",81.92
"1230",81.92
"1231",81.92
"1232",81.92
"1233",81.92
"1234",81.92
"1235",81.92
"1236",81.92
"1237",81.92
"1238",81.92
"1239",81.92
"1240",81.92
"1241",81.92
"1242",81.92
"1243",81.92
"1244",81.92
"1245",81.92
"1246",81.92
"1247",81.92
"1248",81.92
"1249",81.92
"1250",81.92
"1251",81.92
"1252",81.92
"1253",81.92
"1254",81.92
"1255",81.92
"1256",81.92
"1257",81.92
"1258",81.92
"1259",81.92
"1260",81.92
"1261",81.92
"1262",65.25
"1263",65.25
"1264",65.25
"1265",65.25
"1266",65.25
"1267",65.25
"1268",65.25
"1269",65.25
"1270",65.25
"1271",65.25
"1272",65.25
"1273",65.25
"1274",65.25
"1275",65.25
"1276",65.25
"1277",65.25
"1278",65.25
"1279",65.25
"1280",65.25
"1281",65.25
"1282",65.25
"1283",65.25
"1284",65.25
"1285",65.25
"1286",65.25
"1287",65.25
"1288",65.25
"1289",65.25
"1290",65.25
"1291",65.25
"1292",65.25
"1293",65.25
"1294",65.25
"1295",65.25
"1296",65.25
"1297",65.25
"1298",65.25
"1299",65.25
"1300",65.25
"1301",65.25
"1302",65.25
"1303",65.25
"1304",65.25
"1305",65.25
"1306",49.48
"1307",49.48
"1308",49.48
"1309",49.48
"1310",49.48
"1311",49.48
"1312",49.48
"1313",49.48
"1314",49.48
"1315",49.48
"1316",49.48
"1317",61.57
"1318",61.57
"1319",61.57
"1320",61.57
"1321",65.42
"1322",61.57
"1323",59.89
"1324",58.07
"1325",58.07
"1326",58.07
"1327",58.07
"1328",78.86
"1329",78.86
"1330",78.86
"1331",78.86
"1332",78.86
"1333",78.86
"1334",78.86
"1335",78.86
"1336",65.01
"1337",65.01
"1338",65.01
"1339",65.01
"1340",65.01
"1341",65.01
"1342",65.01
"1343",65.01
"1344",65.01
"1345",65.01
"1346",65.01
"1347",65.01
"1348",65.01
"1349",65.01
"1350",65.01
"1351",65.01
"1352",65.01
"1353",65.01
"1354",65.01
"1355",65.01
"1356",65.01
"1357",65.01
"1358",65.01
"1359",65.01
"1360",65.01
"1361",65.01
"1362",65.01
"1363",65.01
"1364",65.01
"1365",65.01
"1366",65.01
"1367",65.01
"1368",65.01
"1369",65.01
"1370",65.01
"1371",65.01
"1372",65.01
"1373",65.01
"1374",65.01
"1375",51.01
"1376",51.01
"1377",51.01
"1378",51.01
"1379",51.01
"1380",51.01
"1381",51.01
"1382",51.01
"1383",51.01
"1384",51.01
"1385",51.01
"1386",51.01
"1387",51.01
"1388",51.01
"1389",51.01
"1390",51.01
"1391",51.01
"1392",51.01
"1393",51.01
"1394",51.01
"1395",51.01
"1396",51.01
"1397",51.01
"1398",51.01
"1399",51.01
"1400",51.01
"1401",51.01
"1402",51.01
"1403",51.01
"1404",51.01
"1405",51.01
"1406",43.85
"1407",43.85
"1408",43.85
"1409",43.85
"1410",43.85
"1411",43.85
"1412",43.85
"1413",43.85
"1414",43.85
"1415",43.85
"1416",43.85
"1417",51.56
"1418",51.56
"1419",51.56
"1420",51.56
"1421",51.56
"1422",51.56
"1423",51.56
"1424",51.56
"1425",51.56
"1426",51.01
"1427",51.01
"1428",51.01
"1429",51.01
"1430",51.01
"1431",51.01
"1432",51.01
"1433",51.01
"1434",51.01
"1435",51.01
"1436",51.01
"1437",51.01
"1438",51.01
"1439",51.01
"1440",51.01
"1441",51.01
"1442",51.01
"1443",51.01
"1444",51.01
"1445",51.01
"1446",51.01
"1447",51.01
"1448",51.01
"1449",51.01
"1450",51.01
"1451",51.01
"1452",51.01
"1453",51.01
"1454",51.01
"1455",51.01
"1456",51.01
"1457",51.01
"1458",51.01
"1459",51.01
"1460",51.01
"1461",51.01
"1462",51.01
"1463",51.01
"1464",51.01
"1465",51.01
"1466",51.01
"1467",51.01
"1468",51.01
"1469",51.01
"1470",51.01
"1471",51.01
"1472",51.01
"1473",51.01
"1474",51.01
"1475",51.01
"1476",51.01
"1477",51.01
"1478",51.01
"1479",51.01
"1480",51.01
"1481",51.01
"1482",51.01
"1483",51.01
"1484",51.01
"1485",51.01
"1486",51.01
"1487",51.01
"1488",51.01
"1489",51.01
"1490",51.01
"1491",51.01
"1492",51.01
"1493",51.01
"1494",51.01
"1495",51.01
"1496",51.01
"1497",51.01
"1498",51.01
"1499",51.01
"1500",51.01
"1501",51.01
"1502",51.01
"1503",51.01
"1504",51.01
"1505",51.01
"1506",51.01
"1507",51.01
"1508",51.01
"1509",51.01
"1510",51.01
"1511",51.01
"1512",51.01
"1513",51.01
"1514",51.01
"1515",51.01
"1516",51.01
"1517",51.01
"1518",51.01
"1519",51.01
"1520",51.01
"1521",51.01
"1522",51.01
"1523",51.01
"1524",51.01
"1525",51.01
"1526",51.01
"1527",51.01
"1528",51.01
"1529",51.01
"1530",51.01
"1531",51.01
"1532",51.01
"1533",51.01
"1534",51.01
"1535",51.01
"1536",51.01
"1537",51.01
"1538",51.01
"1539",51.01
"1540",51.01
"1541",51.01
"1542",51.01
"1543",51.01
"1544",51.01
"1545",51.01
"1546",51.01
"1547",51.01
"1548",51.01
"1549",51.01
"1550",51.01
"1551",51.01
"1552",51.01
"1553",51.01
"1554",51.01
"1555",51.01
"1556",51.01
"1557",51.01
"1558",51.01
"1559",51.01
"1560",51.01
"1561",51.01
"1562",51.01
"1563",51.01
"1564",51.01
"1565",51.01
"1566",51.01
"1567",51.01
"1568",51.01
"1569",51.01
"1570",51.01
"1571",51.01
"1572",51.01
"1573",51.01
"1574",51.01
"1575",51.01
"1576",51.01
"1577",51.01
"1578",51.01
"1579",51.01
"1580",51.01
"1581",51.01
"1582",51.01
"1583",51.01
"1584",51.01
"1585",51.01
"1586",51.01
"1587",51.01
"1588",51.01
"1589",51.01
"1590",51.01
"1591",51.01
"1592",51.01
"1593",51.01
"1594",51.01
"1595",51.01
"1596",51.01
"1597",51.01
"1598",51.01
"1599",51.01
"1600",51.01
"1601",51.01
"1602",51.01
"1603",51.01
"1604",51.01
"1605",51.01
"1606",51.01
"1607",51.01
"1608",51.01
"1609",51.01
"1610",51.01
"1611",51.01
"1612",51.01
"1613",51.01
"1614",51.01
"1615",51.01
"1616",51.01
"1617",51.01
"1618",51.01
"1619",51.01
"1620",51.01
"1621",51.01
"1622",51.01
"1623",51.01
"1624",51.01
"1625",51.01
"1626",51.01
"1627",51.01
"1628",51.01
"1629",51.01
"1630",51.01
"1631",51.01
"1632",51.01
"1633",51.01
"1634",51.01
"1635",51.01
"1636",51.01
"1637",51.01
"1638",51.01
"1639",51.01
"1640",51.01
"1641",51.01
"1642",51.01
"1643",51.01
"1644",51.01
"1645",51.01
"1646",51.01
"1647",51.01
"1648",51.01
"1649",51.01
"1650",51.01
"1651",51.01
"1652",51.01
"1653",51.01
"1654",51.01
"1655",51.01
"1656",51.01
"1657",51.01
"1658",51.01
"1659",51.01
"1660",51.01
"1661",51.01
"1662",51.01
"1663",51.01
"1664",51.01
"1665",51.01
"1666",51.01
"1667",51.01
"1668",51.01
"1669",51.01
"1670",51.01
"1671",51.01
"1672",51.01
"1673",51.01
"1674",51.01
"1675",51.01
"1676",51.01
"1677",51.01
"1678",51.01
"1679",51.01
"1680",51.01
"1681",51.01
"1682",51.01
"1683",51.01
"1684",51.01
"1685",51.01
"1686",51.01
"1687",51.01
"1688",51.01
"1689",51.01
"1690",51.01
"1691",51.01
"1692",51.01
"1693",51.01
"1694",51.01
"1695",51.01
"1696",51.01
"1697",51.01
"1698",51.01
"1699",51.01
"1700",51.01
"1701",51.01
"1702",51.01
"1703",51.01
"1704",51.01
"1705",51.01
"1706",51.01
"1707",51.01
"1708",51.01
"1709",51.01
"1710",51.01
"1711",51.01
"1712",51.01
"1713",51.01
"1714",51.01
"1715",51.01
"1716",51.01
"1717",51.01
"1718",51.01
"1719",51.01
"1720",76.24
"1721",76.24
"1722",76.24
"1723",76.24
"1724",76.24
"1725",76.24
"1726",76.24
"1727",76.24
"1728",76.24
"1729",76.24
"1730",76.24
"1731",76.24
"1732",76.24
"1733",76.24
"1734",76.24
"1735",76.24
"1736",76.24
"1737",76.24
"1738",76.24
"1739",76.24
"1740",76.24
"1741",76.24
"1742",76.24
"1743",76.24
"1744",76.24
"1745",76.24
"1746",76.24
"1747",76.24
"1748",76.24
"1749",76.24
"1750",76.24
"1751",76.24
"1752",76.24
"1753",76.24
"1754",76.24
"1755",76.24
"1756",76.24
"1757",76.24
"1758",76.24
"1759",76.24
"1760",76.24
"1761",76.24
"1762",76.24
"1763",76.24
"1764",76.24
"1765",76.24
"1766",76.24
"1767",76.24
"1768",76.24
"1769",76.24
"1770",76.24
"1771",76.24
"1772",76.24
"1773",76.24
"1774",76.24
"1775",76.24
"1776",76.24
"1777",76.24
"1778",76.24
"1779",76.24
"1780",76.24
"1781",76.24
"1782",76.24
"1783",76.24
"1784",76.24
"1785",76.24
"1786",76.24
"1787",76.24
"1788",76.24
"1789",76.24
"1790",76.24
"1791",76.24
"1792",76.24
"1793",76.24
"1794",76.24
"1795",76.24
"1796",76.24
"1797",76.24
"1798",76.24
"1799",76.24
"1800",76.24
"1801",76.24
"1802",76.24
"1803",76.24
"1804",76.24
"1805",76.24
"1806",76.24
"1807",76.24
"1808",76.24
"1809",76.24
"1810",76.24
"1811",76.24
"1812",76.24
"1813",76.24
"1814",76.24
"1815",76.24
"1816",76.24
"1817",76.24
"1818",76.24
"1819",76.24
"1820",76.24
"1821",76.24
"1822",76.24
"1823",76.24
"1824",76.24
"1825",76.24
"1826",76.24
"1827",76.24
"1828",76.24
"1829",76.24
"1830",76.24
"1831",76.24
"1832",76.24
"1833",76.24
"1834",76.24
"1835",76.24
"1836",76.24
"1837",76.24
"1838",76.24
"1839",76.24
"1840",76.24
"1841",76.24
"1842",76.24
"1843",76.24
"1844",76.24
"1845",76.24
"1846",76.24
"1847",76.24
"1848",76.24
"1849",76.24
"1850",76.24
"1851",76.24
"1852",76.24
"1853",76.24
"1854",76.24
"1855",76.24
"1856",76.24
"1857",76.24
"1858",76.24
"1859",76.24
"1860",76.24
"1861",76.24
"1862",76.24
"1863",76.24
"1864",76.24
"1865",76.24
"1866",76.24
"1867",76.24
"1868",76.24
"1869",76.24
"1870",76.24
"1871",76.24
"1872",76.24
"1873",76.24
"1874",76.24
"1875",76.24
"1876",76.24
"1877",76.24
"1878",76.24
"1879",76.24
"1880",76.24
"1881",76.24
"1882",76.24
"1883",76.24
"1884",76.24
"1885",76.24
"1886",76.24
"1887",76.24
"1888",76.24
"1889",76.24
"1890",76.24
"1891",76.24
"1892",76.24
"1893",76.24
"1894",76.24
"1895",76.24
"1896",76.24
"1897",76.24
"1898",76.24
"1899",76.24
"1900",76.24
"1901",76.24
"1902",76.24
"1903",76.24
"1904",76.24
"1905",76.24
"1906",76.24
"1907",76.24
"1908",76.24
"1909",76.24
"1910",76.24
"1911",76.24
"1912",76.24
"1913",76.24
"1914",76.24
"1915",76.24
"1916",76.24
"1917",76.24
"1918",76.24
"1919",76.24
"1920",76.24
"1921",76.24
"1922",76.24
"1923",76.24
"1924",76.24
"1925",76.24
"1926",76.24
"1927",76.24
"1928",76.24
"1929",76.24
"1930",76.24
"1931",76.24
"1932",76.24
"1933",76.24
"1934",76.24
"1935",76.24
"1936",76.24
"1937",76.24
"1938",76.24
"1939",76.24
"1940",76.24
"1941",76.24
"1942",76.24
"1943",76.24
"1944",76.24
"1945",76.24
"1946",76.24
"1947",76.24
"1948",76.24
"1949",76.24
"1950",76.24
"1951",76.24
"1952",76.24
"1953",76.24
"1954",76.24
"1955",76.24
"1956",76.24
"1957",76.24
"1958",76.24
"1959",76.24
"1960",76.24
"1961",76.24
"1962",76.24
"1963",76.24
"1964",76.24
"1965",76.24
"1966",76.24
"1967",76.24
"1968",76.24
"1969",76.24
"1970",76.24
"1971",76.24
"1972",76.24
"1973",76.24
"1974",76.24
"1975",76.24
"1976",76.24
"1977",76.24
"1978",76.24
"1979",76.24
"1980",76.24
"1981",76.24
"1982",76.24
"1983",76.24
"1984",76.24
"1985",76.24
"1986",76.24
"1987",76.24
"1988",76.24
"1989",76.24
"1990",76.24
"1991",76.24
"1992",76.24
"1993",76.24
"1994",76.24
"1995",76.24
"1996",76.24
"1997",76.24
"1998",76.24
"1999",76.24
"2000",76.24
"2001",76.24
"2002",76.24
"2003",76.24
"2004",76.24
"2005",76.24
"2006",76.24
"2007",76.24
"2008",76.24
"2009",76.24
"2010",76.24
"2011",76.24
"2012",76.24
"2013",76.24
"2014",76.24
"2015",76.24
"2016",76.24
"2017",76.24
"2018",76.24
"2019",76.24
"2020",76.24
"2021",76.24
"2022",76.24
"2023",76.24
"2024",76.24
"2025",76.24
"2026",76.24
"2027",76.24
"2028",76.24
"2029",76.24
"2030",76.24
"2031",76.24
"2032",76.24
"2033",76.24
"2034",76.24
"2035",76.24
"2036",76.24
"2037",76.24
"2038",76.24
"2039",76.24
"2040",76.24
"2041",76.24
"2042",76.24
"2043",76.24
"2044",76.24
"2045",76.24
"2046",76.24
"2047",76.24
"2048",76.24
"2049",76.24
"2050",76.24
"2051",79.49
"2052",79.49
"2053",79.49
"2054",79.49
"2055",79.49
"2056",79.49
"2057",79.49
"2058",79.49
"2059",79.49
"2060",79.49
"2061",79.49
"2062",79.49
"2063",79.49
"2064",79.49
"2065",79.49
"2066",79.49
"2067",79.49
"2068",79.49
"2069",79.49
"2070",79.49
"2071",79.49
"2072",79.49
"2073",79.49
"2074",79.49
"2075",79.49
"2076",79.49
"2077",79.49
"2078",79.49
"2079",79.49
"2080",79.49
"2081",79.49
"2082",79.49
"2083",79.49
"2084",79.49
"2085",79.49
"2086",79.49
"2087",79.49
"2088",79.49
"2089",79.49
"2090",79.49
"2091",79.49
"2092",79.49
"2093",79.49
"2094",79.49
"2095",79.49
"2096",79.49
"2097",79.49
"2098",79.49
"2099",79.49
"2100",79.49
"2101",79.49
"2102",79.49
"2103",79.49
"2104",79.49
"2105",79.49
"2106",84.16
"2107",84.16
"2108",84.16
"2109",84.16
"2110",84.16
"2111",84.61
"2112",84.61
"2113",83.5
"2114",86.81
"2115",86.81
"2116",86.81
"2117",86.81
"2118",81.78
"2119",81.78
"2120",81.78
"2121",81.78
"2122",81.78
"2123",81.78
"2124",81.78
"2125",81.78
"2126",80.46
"2127",80.46
"2128",80.46
"2129",80.46
"2130",80.46
"2131",80.46
"2132",78.17
"2133",80.46
"2134",80.46
"2135",80.46
"2136",80.46
"2137",79.05
"2138",79.05
"2139",79.05
"2140",79.05
"2141",79.05
"2142",81.4
"2143",79.05
"2144",77.1
"2145",82.31
"2146",79.31
"2147",79.31
"2148",78.69
"2149",78.69
"2150",80.75
"2151",80.78
"2152",80.75
"2153",80.75
"2154",80.75
"2155",80.75
"2156",80.75
"2157",79.74
"2158",79.74
"2159",79.74
"2160",79.74
"2161",79.74
"2162",79.74
"2163",79.74
"2164",79.74
"2165",72.96
"2166",79.74
"2167",79.74
"2168",79.74
"2169",79.74
"2170",79.74
"2171",79.74
"2172",79.74
"2173",79.74
"2174",79.74
"2175",79.74
"2176",79.74
"2177",79.74
"2178",79.74
"2179",79.74
"2180",79.74
"2181",79.74
"2182",79.74
"2183",79.74
"2184",76.98
"2185",76.98
"2186",76.98
"2187",76.98
"2188",76.98
"2189",76.98
"2190",76.98
"2191",76.98
"2192",76.98
"2193",76.98
"2194",76.98
"2195",76.98
"2196",76.98
"2197",76.98
"2198",76.98
"2199",76.98
"2200",76.98
"2201",76.98
"2202",76.98
"2203",76.98
"2204",76.98
"2205",76.98
"2206",88.7
"2207",88.7
"2208",88.7
"2209",88.7
"2210",88.7
"2211",88.7
"2212",81.92
"2213",81.92
"2214",81.92
"2215",81.92
"2216",81.92
"2217",68.7
"2218",68.7
"2219",68.7
"2220",68.7
"2221",68.7
"2222",68.7
"2223",68.7
"2224",68.7
"2225",68.7
"2226",68.7
"2227",76.98
"2228",76.98
"2229",76.98
"2230",76.98
"2231",76.98
"2232",76.98
"2233",76.98
"2234",76.98
"2235",76.98
"2236",76.98
"2237",76.98
"2238",76.98
"2239",76.98
"2240",76.98
"2241",76.98
"2242",76.98
"2243",76.98
"2244",76.98
"2245",76.98
"2246",84.14
"2247",84.14
"2248",84.14
"2249",84.14
"2250",84.14
"2251",84.14
"2252",84.14
"2253",84.14
"2254",84.14
"2255",84.14
"2256",75.43
"2257",75.43
"2258",75.43
"2259",75.43
"2260",75.43
"2261",88.31
"2262",81.13
"2263",75.43
"2264",67.94
"2265",65.23
"2266",75.43
"2267",75.43
"2268",75.43
"2269",75.43
"2270",75.43
"2271",75.43
"2272",75.43
"2273",75.43
"2274",75.43
"2275",75.43
"2276",75.43
"2277",75.43
"2278",75.43
"2279",75.43
"2280",75.43
"2281",75.43
"2282",75.43
"2283",75.43
"2284",75.43
"2285",75.54
"2286",75.54
"2287",75.54
"2288",75.54
"2289",75.54
"2290",75.54
"2291",75.54
"2292",75.54
"2293",75.54
"2294",75.54
"2295",75.54
"2296",75.54
"2297",75.54
"2298",75.54
"2299",75.54
"2300",75.54
"2301",75.54
"2302",75.54
"2303",75.54
"2304",75.54
"2305",75.54
"2306",85.41
"2307",85.41
"2308",85.41
"2309",85.41
"2310",85.41
"2311",85.41
"2312",85.41
"2313",85.41
"2314",85.41
"2315",85.41
"2316",72.3
"2317",72.3
"2318",72.3
"2319",72.3
"2320",72.3
"2321",72.3
"2322",72.3
"2323",72.3
"2324",72.3
"2325",72.3
"2326",82.41
"2327",82.41
"2328",82.41
"2329",82.41
"2330",82.41
"2331",82.41
"2332",82.41
"2333",82.41
"2334",82.41
"2335",82.41
"2336",71.45
"2337",71.45
"2338",71.45
"2339",71.45
"2340",71.45
"2341",76.49
"2342",58.77
"2343",58.77
"2344",58.77
"2345",58.77
"2346",58.77
"2347",68.88
"2348",68.88
"2349",68.88
"2350",68.88
"2351",77.88
"2352",70.89
"2353",68.88
"2354",68.88
"2355",68.88
"2356",68.88
"2357",68.88
"2358",66.42
"2359",66.42
"2360",66.42
"2361",66.42
"2362",66.42
"2363",66.42
"2364",66.42
"2365",66.42
"2366",66.42
"2367",66.42
"2368",66.42
"2369",66.42
"2370",66.42
"2371",66.42
"2372",66.42
"2373",66.42
"2374",66.42
"2375",66.42
"2376",66.42
"2377",66.42
"2378",66.42
"2379",66.42
"2380",73.91
"2381",73.91
"2382",73.91
"2383",73.91
"2384",73.91
"2385",73.91
"2386",73.91
"2387",73.91
"2388",73.91
"2389",73.91
"2390",73.91
"2391",73.91
"2392",73.91
"2393",73.91
"2394",73.91
"2395",73.91
"2396",73.91
"2397",73.91
"2398",73.91
"2399",73.91
"2400",73.91
"2401",73.91
"2402",73.91
"2403",73.91
"2404",73.91
"2405",73.91
"2406",75.5
"2407",75.5
"2408",75.5
"2409",75.5
"2410",75.5
"2411",76.65
"2412",75.5
"2413",75.5
"2414",75.5
"2415",75.5
"2416",75.5
"2417",70.09
"2418",70.09
"2419",70.09
"2420",70.09
"2421",70.09
"2422",72.94
"2423",68.55
"2424",70.09
"2425",70.09
"2426",70.09
"2427",70.09
"2428",73.91
"2429",73.91
"2430",73.91
"2431",73.91
"2432",73.91
"2433",73.91
"2434",73.91
"2435",73.91
"2436",73.91
"2437",73.91
"2438",73.91
"2439",73.91
"2440",73.91
"2441",73.91
"2442",73.91
"2443",73.91
"2444",73.91
"2445",73.91
"2446",73.91
"2447",73.91
"2448",73.91
"2449",73.91
"2450",73.91
"2451",73.91
"2452",73.91
"2453",73.91
"2454",73.91
"2455",73.91
"2456",73.91
"2457",73.91
"2458",73.91
"2459",73.91
"2460",73.91
"2461",73.91
"2462",73.91
"2463",73.91
"2464",73.91
"2465",73.91
"2466",73.91
"2467",73.91
"2468",75.13
"2469",75.13
"2470",75.13
"2471",75.13
"2472",75.13
"2473",75.13
"2474",75.13
"2475",75.13
"2476",75.13
"2477",75.13
"2478",75.13
"2479",75.13
"2480",75.13
"2481",75.13
"2482",75.13
"2483",75.13
"2484",75.13
"2485",75.13
"2486",75.13
"2487",75.13
"2488",75.13
"2489",75.13
"2490",75.13
"2491",75.13
"2492",75.13
"2493",75.13
"2494",75.13
"2495",75.13
"2496",75.13
"2497",75.13
"2498",75.13
"2499",75.13
"2500",75.13
"2501",75.13
"2502",75.13
"2503",75.13
"2504",75.13
"2505",75.13
"2506",74.66
"2507",74.66
"2508",74.66
"2509",74.66
"2510",74.66
"2511",74.66
"2512",74.66
"2513",74.66
"2514",74.66
"2515",74.66
"2516",74.66
"2517",74.7
"2518",74.7
"2519",74.7
"2520",75.13
"2521",75.13
"2522",75.13
"2523",75.13
"2524",75.13
"2525",75.13
"2526",75.13
"2527",75.13
"2528",75.13
"2529",75.13
"2530",75.13
"2531",75.13
"2532",75.13
"2533",75.13
"2534",75.13
"2535",75.13
"2536",75.13
"2537",75.13
"2538",75.13
"2539",75.13
"2540",75.13
"2541",75.13
"2542",75.13
"2543",75.13
"2544",75.13
"2545",75.13
"2546",75.13
"2547",75.13
"2548",75.13
"2549",75.13
"2550",75.13
"2551",75.13
"2552",75.13
"2553",75.13
"2554",75.13
"2555",75.13
"2556",75.13
"2557",75.13
"2558",75.13
"2559",75.13
"2560",75.13
"2561",75.13
"2562",75.13
"2563",75.13
"2564",75.13
"2565",75.67
"2566",75.67
"2567",75.67
"2568",75.67
"2569",75.67
"2570",75.67
"2571",75.67
"2572",75.67
"2573",75.67
"2574",75.67
"2575",75.67
"2576",75.67
"2577",75.67
"2578",75.67
"2579",75.67
"2580",75.67
"2581",75.67
"2582",75.67
"2583",75.67
"2584",75.67
"2585",75.67
"2586",75.67
"2587",75.67
"2588",75.67
"2589",75.67
"2590",75.67
"2591",75.67
"2592",75.67
"2593",75.67
"2594",75.67
"2595",75.67
"2596",75.67
"2597",75.67
"2598",75.67
"2599",75.67
"2600",75.67
"2601",75.67
"2602",75.67
"2603",75.67
"2604",75.67
"2605",75.67
"2606",85.13
"2607",85.13
"2608",85.13
"2609",85.13
"2610",85.13
"2611",86.72
"2612",88.96
"2613",88.96
"2614",88.96
"2615",88.96
"2616",81.05
"2617",81.05
"2618",81.05
"2619",81.05
"2620",71.55
"2621",77.19
"2622",70.4
"2623",70.4
"2624",70.4
"2625",70.4
"2626",70.4
"2627",77.24
"2628",77.24
"2629",77.24
"2630",77.24
"2631",80.92
"2632",83.09
"2633",83.81
"2634",85.85
"2635",70.5
"2636",71.55
"2637",71.55
"2638",71.55
"2639",72.83
"2640",72.83
"2641",72.83
"2642",72.83
"2643",80.92
"2644",80.92
"2645",80.92
"2646",80.92
"2647",63.31
"2648",63.31
"2649",63.31
"2650",63.31
"2651",61.82
"2652",64.44
"2653",61.82
"2654",63.31
"2655",70.1
"2656",54
"2657",54
"2658",37.59
"2659",37.59
"2660",37.59
"2661",37.59
"2662",37.59
"2663",37.59
"2664",37.59
"2665",37.59
"2666",37.59
"2667",37.59
"2668",37.59
"2669",37.59
"2670",37.59
"2671",37.59
"2672",37.59
"2673",37.59
"2674",37.59
"2675",37.59
"2676",37.59
"2677",37.59
"2678",37.59
"2679",37.59
"2680",37.59
"2681",37.59
"2682",37.59
"2683",37.59
"2684",37.59
"2685",37.59
"2686",37.59
"2687",37.59
"2688",37.59
"2689",37.59
"2690",37.59
"2691",37.59
"2692",37.59
"2693",37.59
"2694",37.59
"2695",37.59
"2696",37.59
"2697",37.59
"2698",37.59
"2699",37.59
"2700",37.59
"2701",37.59
"2702",37.59
"2703",37.59
"2704",37.59
"2705",37.59
"2706",37.59
"2707",37.59
"2708",37.59
"2709",37.59
"2710",37.59
"2711",37.59
"2712",37.59
"2713",37.59
"2714",37.59
"2715",37.59
"2716",37.59
"2717",37.59
"2718",37.59
"2719",37.59
"2720",37.59
"2721",37.59
"2722",37.59
"2723",37.59
"2724",37.59
"2725",37.59
"2726",37.59
"2727",37.59
"2728",37.59
"2729",37.59
"2730",37.59
"2731",37.59
"2732",37.59
"2733",37.59
"2734",37.59
"2735",37.59
"2736",37.59
"2737",37.59
"2738",37.59
"2739",37.59
"2740",37.59
"2741",37.59
"2742",37.59
"2743",37.59
"2744",37.59
"2745",37.59
"2746",37.59
"2747",37.59
"2748",37.59
"2749",37.59
"2750",37.59
"2751",37.59
"2752",37.59
"2753",37.59
"2754",37.59
"2755",37.59
"2756",37.59
"2757",37.59
"2758",37.59
"2759",37.59
"2760",37.59
"2761",37.59
"2762",37.59
"2763",37.59
"2764",37.59
"2765",37.59
"2766",37.59
"2767",37.59
"2768",37.59
"2769",37.59
"2770",37.59
"2771",37.59
"2772",37.59
"2773",37.59
"2774",37.59
"2775",37.59
"2776",37.59
"2777",37.59
"2778",37.59
"2779",37.59
"2780",37.59
"2781",37.59
"2782",37.59
"2783",37.59
"2784",37.59
"2785",37.59
"2786",37.59
"2787",37.59
"2788",37.59
"2789",37.59
"2790",37.59
"2791",37.59
"2792",37.59
"2793",37.59
"2794",37.59
"2795",37.59
"2796",37.59
"2797",37.59
"2798",37.59
"2799",37.59
"2800",37.59
"2801",37.59
"2802",37.59
"2803",37.59
"2804",37.59
"2805",37.59
"2806",37.59
"2807",37.59
"2808",37.59
"2809",37.59
"2810",37.59
"2811",37.59
"2812",37.59
"2813",37.59
"2814",37.59
"2815",37.59
"2816",37.59
"2817",37.59
"2818",37.59
"2819",37.59
"2820",37.59
"2821",37.59
"2822",37.59
"2823",37.59
"2824",37.59
"2825",37.59
"2826",37.59
"2827",37.59
"2828",37.59
"2829",37.59
"2830",56.03
"2831",56.03
"2832",56.03
"2833",56.03
"2834",56.03
"2835",56.03
"2836",56.03
"2837",56.03
"2838",56.03
"2839",56.03
"2840",56.03
"2841",56.03
"2842",56.03
"2843",56.03
"2844",56.03
"2845",56.03
"2846",56.03
"2847",56.03
"2848",56.03
"2849",56.03
"2850",56.03
"2851",56.03
"2852",56.03
"2853",56.03
"2854",56.03
"2855",56.03
"2856",56.03
"2857",56.03
"2858",56.03
"2859",56.03
"2860",56.03
"2861",56.03
"2862",56.03
"2863",56.03
"2864",56.03
"2865",56.03
"2866",56.03
"2867",56.03
"2868",56.03
"2869",56.03
"2870",56.03
"2871",56.03
"2872",56.03
"2873",56.03
"2874",56.03
"2875",56.03
"2876",56.03
"2877",56.03
"2878",56.03
"2879",56.03
"2880",56.03
"2881",56.03
"2882",56.03
"2883",56.03
"2884",56.03
"2885",56.03
"2886",56.03
"2887",56.03
"2888",56.03
"2889",56.03
"2890",56.03
"2891",56.03
"2892",56.03
"2893",56.03
"2894",56.03
"2895",56.03
"2896",56.03
"2897",56.03
"2898",56.03
"2899",56.03
"2900",56.03
"2901",56.03
"2902",56.03
"2903",56.03
"2904",56.03
"2905",56.03
"2906",56.03
"2907",56.03
"2908",56.03
"2909",56.03
"2910",56.03
"2911",56.03
"2912",56.03
"2913",56.03
"2914",56.03
"2915",56.03
"2916",56.03
"2917",56.03
"2918",56.03
"2919",56.03
"2920",56.03
"2921",56.03
"2922",56.03
"2923",56.03
"2924",56.03
"2925",56.03
"2926",56.03
"2927",56.03
"2928",56.03
"2929",56.03
"2930",56.03
"2931",56.03
"2932",56.03
"2933",56.03
"2934",56.03
"2935",56.03
"2936",56.03
"2937",56.03
"2938",56.03
"2939",56.03
"2940",56.03
"2941",56.03
"2942",56.03
"2943",56.03
"2944",56.03
"2945",56.03
"2946",56.03
"2947",56.03
"2948",56.03
"2949",56.03
"2950",56.03
"2951",56.03
"2952",56.03
"2953",56.03
"2954",56.03
"2955",56.03
"2956",56.03
"2957",56.03
"2958",56.03
"2959",56.03
"2960",56.03
"2961",56.03
"2962",56.03
"2963",56.03
"2964",56.03
"2965",56.03
"2966",56.03
"2967",56.03
"2968",56.03
"2969",56.03
"2970",56.03
"2971",56.03
"2972",56.03
"2973",56.03
"2974",56.03
"2975",56.03
"2976",56.03
"2977",56.03
"2978",56.03
"2979",56.03
"2980",56.03
"2981",56.03
"2982",56.03
"2983",56.03
"2984",56.03
"2985",56.03
"2986",56.03
"2987",56.03
"2988",56.03
"2989",56.03
"2990",56.03
"2991",56.03
"2992",56.03
"2993",56.03
"2994",56.03
"2995",56.03
"2996",56.03
"2997",56.03
"2998",56.03
"2999",56.03
"3000",56.03
"3001",56.03
"3002",56.03
"3003",56.03
"3004",56.03
"3005",56.03
"3006",56.03
"3007",56.03
"3008",56.03
"3009",56.03
"3010",56.03
"3011",56.03
"3012",56.03
"3013",56.03
"3014",56.03
"3015",56.03
"3016",56.03
"3017",56.03
"3018",56.03
"3019",56.03
"3020",56.03
"3021",56.03
"3022",56.03
"3023",56.03
"3024",56.03
"3025",56.03
"3026",56.03
"3027",56.03
"3028",56.03
"3029",56.03
"3030",56.03
"3031",56.03
"3032",56.03
"3033",56.03
"3034",56.03
"3035",56.03
"3036",56.03
"3037",56.03
"3038",56.03
"3039",56.03
"3040",56.03
"3041",56.03
"3042",56.03
"3043",56.03
"3044",56.03
"3045",56.03
"3046",56.03
"3047",56.03
"3048",56.03
"3049",56.03
"3050",56.03
"3051",52.4
"3052",52.4
"3053",52.4
"3054",52.4
"3055",52.4
"3056",52.4
"3057",52.4
"3058",52.4
"3059",52.4
"3060",52.4
"3061",52.4
"3062",52.4
"3063",52.4
"3064",52.4
"3065",52.4
"3066",52.4
"3067",52.4
"3068",52.4
"3069",52.4
"3070",52.4
"3071",52.4
"3072",52.4
"3073",52.4
"3074",52.4
"3075",52.4
"3076",52.4
"3077",52.4
"3078",52.4
"3079",52.4
"3080",52.4
"3081",52.4
"3082",52.4
"3083",52.4
"3084",52.4
"3085",52.4
"3086",52.4
"3087",52.4
"3088",52.4
"3089",52.4
"3090",52.4
"3091",52.4
"3092",52.4
"3093",52.4
"3094",52.4
"3095",52.4
"3096",52.4
"3097",52.4
"3098",52.4
"3099",52.4
"3100",52.4
"3101",52.4
"3102",52.4
"3103",52.4
"3104",52.4
"3105",52.4
"3106",53.6
"3107",53.6
"3108",53.6
"3109",53.6
"3110",53.6
"3111",55.03
"3112",59.35
"3113",51.92
"3114",56.38
"3115",53.77
"3116",59.45
"3117",62.79
"3118",50.73
"3119",51.35
"3120",38.18
"3121",37.83
"3122",40.54
"3123",37.83
"3124",37.83
"3125",37.83
"3126",37.83
"3127",33.66
"3128",33.66
"3129",33.66
"3130",33.66
"3131",46.73
"3132",37.22
"3133",33.66
"3134",33.66
"3135",33.66
"3136",33.66
"3137",33.66
"3138",31.46
"3139",31.46
"3140",54.86
"3141",54.86
"3142",58.05
"3143",54.86
"3144",54.86
"3145",54.86
"3146",54.86
"3147",63.29
"3148",63.29
"3149",63.29
"3150",63.29
"3151",56.41
"3152",52.7
"3153",73.71
"3154",69.24
"3155",67.04
"3156",67.04
"3157",67.04
"3158",67.04
"3159",67.04
"3160",67.04
"3161",67.04
"3162",67.04
"3163",67.04
"3164",67.04
"3165",67.04
"3166",67.04
"3167",67.04
"3168",67.04
"3169",67.04
"3170",67.04
"3171",67.04
"3172",67.04
"3173",67.04
"3174",67.04
"3175",67.04
"3176",67.04
"3177",67.04
"3178",55.4
"3179",55.4
"3180",55.4
"3181",55.4
"3182",55.4
"3183",55.4
"3184",55.4
"3185",55.4
"3186",55.4
"3187",55.4
"3188",55.4
"3189",55.4
"3190",55.4
"3191",55.4
"3192",55.4
"3193",55.4
"3194",55.4
"3195",55.4
"3196",55.4
"3197",55.4
"3198",55.4
"3199",55.4
"3200",55.4
"3201",55.4
"3202",55.4
"3203",55.4
"3204",55.4
"3205",55.4
"3206",54.92
"3207",54.92
"3208",54.92
"3209",54.92
"3210",54.92
"3211",57.04
"3212",57.37
"3213",48.66
"3214",54.92
"3215",54.92
"3216",54.92
"3217",54.92
"3218",56.98
"3219",56.98
"3220",56.98
"3221",56
"3222",51.93
"3223",51.93
"3224",51.93
"3225",51.93
"3226",51.93
"3227",51.57
"3228",51.57
"3229",51.57
"3230",51.57
"3231",51.57
"3232",51.57
"3233",51.57
"3234",51.57
"3235",51.57
"3236",24.79
"3237",24.79
"3238",24.79
"3239",24.79
"3240",24.79
"3241",24.79
"3242",24.79
"3243",24.79
"3244",24.79
"3245",24.79
"3246",53.15
"3247",53.15
"3248",53.15
"3249",53.15
"3250",53.15
"3251",47.83
"3252",53.15
"3253",53.15
"3254",59.85
"3255",53.15
"3256",44.92
"3257",57.25
"3258",53.15
"3259",61.91
"3260",61.91
"3261",61.91
"3262",61.91
"3263",61.91
"3264",61.91
"3265",61.91
"3266",61.91
"3267",61.91
"3268",61.91
"3269",61.91
"3270",61.91
"3271",61.91
"3272",61.91
"3273",61.91
"3274",61.91
"3275",61.91
"3276",61.91
"3277",61.91
"3278",61.91
"3279",61.91
"3280",57.64
"3281",57.64
"3282",57.64
"3283",57.64
"3284",57.64
"3285",57.64
"3286",57.64
"3287",57.64
"3288",57.64
"3289",57.64
"3290",57.64
"3291",57.64
"3292",57.64
"3293",57.64
"3294",57.64
"3295",57.64
"3296",57.64
"3297",57.64
"3298",57.64
"3299",57.64
"3300",57.64
"3301",57.64
"3302",57.64
"3303",57.64
"3304",57.64
"3305",57.64
"3306",57.13
"3307",57.13
"3308",57.13
"3309",57.13
"3310",57.13
"3311",72.27
"3312",59.76
"3313",55.25
"3314",69.76
"3315",57.68
"3316",57.68
"3317",57.68
"3318",57.97
"3319",57.97
"3320",57.97
"3321",60.29
"3322",57.03
"3323",56.35
"3324",61.18
"3325",61.18
"3326",61.18
"3327",61.18
"3328",56.64
"3329",56.64
"3330",56.64
"3331",54.62
"3332",56.64
"3333",60.44
"3334",62.39
"3335",62.39
"3336",62.39
"3337",59.89
"3338",59.89
"3339",59.89
"3340",57.99
"3341",62.13
"3342",57.99
"3343",54.55
"3344",57.99
"3345",57.99
"3346",57.99
"3347",57.99
"3348",61.6
"3349",61.6
"3350",61.6
"3351",65.64
"3352",67.11
"3353",54.27
"3354",59.18
"3355",63.03
"3356",63.03
"3357",63.03
"3358",64.4
"3359",64.4
"3360",64.4
"3361",64.4
"3362",64.4
"3363",64.4
"3364",64.4
"3365",64.4
"3366",64.4
"3367",64.4
"3368",64.4
"3369",64.4
"3370",64.4
"3371",64.4
"3372",64.4
"3373",64.4
"3374",64.4
"3375",64.4
"3376",64.4
"3377",64.4
"3378",64.4
"3379",64.4
"3380",52.57
"3381",52.57
"3382",52.57
"3383",52.57
"3384",52.57
"3385",52.57
"3386",52.57
"3387",52.57
"3388",52.57
"3389",52.57
"3390",52.57
"3391",52.57
"3392",52.57
"3393",52.57
"3394",52.57
"3395",52.57
"3396",52.57
"3397",52.57
"3398",52.57
"3399",52.57
"3400",52.57
"3401",52.57
"3402",52.57
"3403",52.57
"3404",52.57
"3405",52.57
"3406",54.35
"3407",54.35
"3408",54.35
"3409",54.35
"3410",54.35
"3411",57
"3412",52.72
"3413",54.54
"3414",54.54
"3415",54.54
"3416",54.54
"3417",50.9
"3418",50.9
"3419",50.9
"3420",50.9
"3421",50.9
"3422",50.9
"3423",50.9
"3424",50.9
"3425",50.9
"3426",50.9
"3427",50.15
"3428",50.15
"3429",50.15
"3430",50.15
"3431",50.15
"3432",57.64
"3433",50.15
"3434",50.15
"3435",50.15
"3436",50.15
"3437",50.15
"3438",50.15
"3439",50.15
"3440",50.15
"3441",50.15
"3442",50.15
"3443",50.15
"3444",50.15
"3445",50.15
"3446",50.15
"3447",50.15
"3448",50.15
"3449",50.15
"3450",50.15
"3451",50.15
"3452",50.15
"3453",50.15
"3454",50.15
"3455",50.15
"3456",50.15
"3457",50.15
"3458",50.15
"3459",50.15
"3460",50.15
"3461",50.15
"3462",50.15
"3463",50.15
"3464",50.15
"3465",50.15
"3466",50.15
"3467",50.15
"3468",60.93
"3469",60.93
"3470",60.93
"3471",60.93
"3472",60.93
"3473",60.93
"3474",60.93
"3475",60.93
"3476",60.93
"3477",60.93
"3478",60.93
"3479",60.93
"3480",60.93
"3481",60.93
"3482",60.93
"3483",60.93
"3484",60.93
"3485",60.93
"3486",60.93
"3487",60.93
"3488",60.93
"3489",60.93
"3490",60.93
"3491",60.93
"3492",60.93
"3493",60.93
"3494",60.93
"3495",60.93
"3496",60.93
"3497",60.93
"3498",60.93
"3499",60.93
"3500",60.93
"3501",60.93
"3502",60.93
"3503",60.93
"3504",60.93
"3505",60.93
"3506",62.45
"3507",62.45
"3508",62.45
"3509",62.45
"3510",62.45
"3511",61.07
"3512",62.45
"3513",62.45
"3514",62.45
"3515",62.45
"3516",62.45
"3517",62.45
"3518",56.5
"3519",56.5
"3520",56.5
"3521",56.57
"3522",56.5
"3523",56.5
"3524",56.5
"3525",56.5
"3526",56.5
"3527",56.5
"3528",56.5
"3529",56.5
"3530",56.5
"3531",56.5
"3532",56.5
"3533",56.5
"3534",56.5
"3535",56.5
"3536",56.5
"3537",56.5
"3538",56.5
"3539",56.5
"3540",56.5
"3541",56.5
"3542",56.5
"3543",56.5
"3544",56.5
"3545",56.5
"3546",56.5
"3547",56.5
"3548",56.5
"3549",56.5
"3550",56.5
"3551",56.5
"3552",56.5
"3553",56.5
"3554",56.5
"3555",56.5
"3556",56.5
"3557",56.5
"3558",56.5
"3559",56.5
"3560",56.5
"3561",56.5
"3562",56.5
"3563",56.5
"3564",56.5
"3565",56.5
"3566",56.5
"3567",56.5
"3568",56.5
"3569",56.5
"3570",56.5
"3571",56.5
"3572",56.5
"3573",56.5
"3574",56.5
"3575",56.5
"3576",56.5
"3577",56.5
"3578",56.5
"3579",56.5
"3580",56.5
"3581",56.5
"3582",56.5
"3583",56.5
"3584",56.5
"3585",56.5
"3586",56.5
"3587",56.5
"3588",56.5
"3589",56.5
"3590",56.5
"3591",56.5
"3592",56.5
"3593",56.5
"3594",56.5
"3595",56.5
"3596",56.5
"3597",56.5
"3598",56.5
"3599",56.5
"3600",56.5
"3601",56.5
"3602",56.5
"3603",56.5
"3604",56.5
"3605",56.5
"3606",56.5
"3607",56.5
"3608",56.5
"3609",56.5
"3610",56.5
"3611",56.5
"3612",56.5
"3613",56.5
"3614",56.5
"3615",56.5
"3616",56.5
"3617",56.5
"3618",56.5
"3619",56.5
"3620",56.5
"3621",56.5
"3622",56.5
"3623",56.5
"3624",56.5
"3625",56.5
"3626",56.5
"3627",56.5
"3628",56.5
"3629",56.5
"3630",56.5
"3631",56.5
"3632",56.5
"3633",56.5
"3634",56.5
"3635",56.5
"3636",56.5
"3637",56.5
"3638",56.5
"3639",56.5
"3640",56.5
"3641",56.5
"3642",56.5
"3643",56.5
"3644",56.5
"3645",56.5
"3646",56.5
"3647",56.5
"3648",56.5
"3649",56.5
"3650",56.5
"3651",56.5
"3652",56.5
"3653",56.5
"3654",56.5
"3655",56.5
"3656",56.5
"3657",56.5
"3658",56.5
"3659",56.5
"3660",56.5
"3661",56.5
"3662",56.5
"3663",56.5
"3664",56.5
"3665",56.5
"3666",56.5
"3667",56.5
"3668",56.5
"3669",56.5
"3670",56.5
"3671",56.5
"3672",56.5
"3673",56.5
"3674",56.5
"3675",56.5
"3676",56.5
"3677",56.5
"3678",56.5
"3679",56.5
"3680",56.5
"3681",56.5
"3682",56.5
"3683",56.5
"3684",56.5
"3685",56.5
"3686",56.5
"3687",56.5
"3688",56.5
"3689",56.5
"3690",56.5
"3691",56.5
"3692",56.5
"3693",56.5
"3694",56.5
"3695",56.5
"3696",56.5
"3697",56.5
"3698",56.5
"3699",56.5
"3700",56.5
"3701",56.5
"3702",56.5
"3703",56.5
"3704",56.5
"3705",56.5
"3706",56.5
"3707",56.5
"3708",56.5
"3709",56.5
"3710",56.5
"3711",56.5
"3712",56.5
"3713",56.5
"3714",56.5
"3715",56.5
"3716",56.5
"3717",56.5
"3718",56.5
"3719",56.5
"3720",56.5
"3721",56.5
"3722",56.5
"3723",56.5
"3724",56.5
"3725",56.5
"3726",56.5
"3727",56.5
"3728",56.5
"3729",56.5
"3730",56.5
"3731",56.5
"3732",56.5
"3733",56.5
"3734",56.5
"3735",56.5
"3736",56.5
"3737",56.5
"3738",56.5
"3739",56.5
"3740",56.5
"3741",56.5
"3742",56.5
"3743",56.5
"3744",56.5
"3745",56.5
"3746",56.5
"3747",56.5
"3748",56.5
"3749",56.5
"3750",56.5
"3751",56.5
"3752",56.5
"3753",56.5
"3754",56.5
"3755",56.5
"3756",56.5
"3757",56.5
"3758",56.5
"3759",56.5
"3760",56.5
"3761",56.5
"3762",43.51
"3763",43.51
"3764",43.51
"3765",43.51
"3766",43.51
"3767",43.51
"3768",43.51
"3769",43.51
"3770",43.51
"3771",43.51
"3772",43.51
"3773",43.51
"3774",43.51
"3775",43.51
"3776",43.51
"3777",43.51
"3778",43.51
"3779",43.51
"3780",43.51
"3781",43.51
"3782",43.51
"3783",43.51
"3784",43.51
"3785",43.51
"3786",43.51
"3787",43.51
"3788",43.51
"3789",43.51
"3790",43.51
"3791",43.51
"3792",43.51
"3793",43.51
"3794",43.51
"3795",43.51
"3796",43.51
"3797",43.51
"3798",43.51
"3799",43.51
"3800",43.51
"3801",43.51
"3802",43.51
"3803",43.51
"3804",43.51
"3805",43.51
"3806",43.51
"3807",43.51
"3808",43.51
"3809",43.51
"3810",43.51
"3811",43.51
"3812",43.51
"3813",43.51
"3814",43.51
"3815",43.51
"3816",43.51
"3817",43.51
"3818",43.51
"3819",43.51
"3820",43.51
"3821",43.51
"3822",43.51
"3823",43.51
"3824",43.51
"3825",43.51
"3826",43.51
"3827",43.51
"3828",43.51
"3829",43.51
"3830",43.51
"3831",43.51
"3832",43.51
"3833",43.51
"3834",43.51
"3835",43.51
"3836",43.51
"3837",43.51
"3838",43.51
"3839",43.51
"3840",43.51
"3841",43.51
"3842",43.51
"3843",43.51
"3844",43.51
"3845",43.51
"3846",43.51
"3847",43.51
"3848",43.51
"3849",43.51
"3850",43.51
"3851",43.51
"3852",43.51
"3853",43.51
"3854",43.51
"3855",43.51
"3856",43.51
"3857",43.51
"3858",43.51
"3859",43.51
"3860",43.51
"3861",43.51
"3862",43.51
"3863",43.51
"3864",43.51
"3865",43.51
"3866",43.51
"3867",43.51
"3868",43.51
"3869",43.51
"3870",43.51
"3871",43.51
"3872",43.51
"3873",43.51
"3874",43.51
"3875",43.51
"3876",43.51
"3877",43.51
"3878",43.51
"3879",43.51
"3880",43.51
"3881",43.51
"3882",43.51
"3883",43.51
"3884",43.51
"3885",43.51
"3886",43.51
"3887",43.51
"3888",43.51
"3889",43.51
"3890",43.51
"3891",43.51
"3892",43.51
"3893",43.51
"3894",43.51
"3895",43.51
"3896",43.51
"3897",43.51
"3898",43.51
"3899",43.51
"3900",43.51
"3901",43.51
"3902",43.51
"3903",43.51
"3904",43.51
"3905",43.51
"3906",43.51
"3907",43.51
"3908",43.51
"3909",43.51
"3910",43.51
"3911",43.51
"3912",43.51
"3913",43.51
"3914",43.51
"3915",43.51
"3916",43.51
"3917",43.51
"3918",43.51
"3919",43.51
"3920",43.51
"3921",43.51
"3922",43.51
"3923",43.51
"3924",43.51
"3925",43.51
"3926",43.51
"3927",43.51
"3928",43.51
"3929",43.51
"3930",43.51
"3931",43.51
"3932",43.51
"3933",43.51
"3934",43.51
"3935",43.51
"3936",43.51
"3937",43.51
"3938",43.51
"3939",43.51
"3940",43.51
"3941",43.51
"3942",43.51
"3943",43.51
"3944",43.51
"3945",43.51
"3946",43.51
"3947",43.51
"3948",43.51
"3949",43.51
"3950",43.51
"3951",43.51
"3952",43.51
"3953",43.51
"3954",43.51
"3955",43.51
"3956",43.51
"3957",43.51
"3958",43.51
"3959",43.51
"3960",43.51
"3961",43.51
"3962",43.51
"3963",43.51
"3964",43.51
"3965",43.51
"3966",43.51
"3967",43.51
"3968",43.51
"3969",43.51
"3970",43.51
"3971",43.51
"3972",43.51
"3973",43.51
"3974",43.51
"3975",43.51
"3976",43.51
"3977",43.51
"3978",43.51
"3979",43.51
"3980",43.51
"3981",43.51
"3982",43.51
"3983",43.51
"3984",43.51
"3985",43.51
"3986",43.51
"3987",43.51
"3988",43.51
"3989",43.51
"3990",43.51
"3991",43.51
"3992",43.51
"3993",43.51
"3994",43.51
"3995",43.51
"3996",43.51
"3997",43.51
"3998",43.51
"3999",43.51
"4000",43.51
"4001",43.51
"4002",43.51
"4003",43.51
"4004",43.51
"4005",43.51
"4006",43.51
"4007",43.51
"4008",43.51
"4009",43.51
"4010",43.51
"4011",43.51
"4012",43.51
"4013",43.51
"4014",43.51
"4015",43.51
"4016",43.51
"4017",43.51
"4018",43.51
"4019",43.51
"4020",43.51
"4021",43.51
"4022",43.51
"4023",43.51
"4024",43.51
"4025",43.51
"4026",43.51
"4027",43.51
"4028",43.51
"4029",43.51
"4030",43.51
"4031",43.51
"4032",43.51
"4033",43.51
"4034",43.51
"4035",43.51
"4036",43.51
"4037",43.51
"4038",43.51
"4039",43.51
"4040",43.51
"4041",43.51
"4042",43.51
"4043",43.51
"4044",43.51
"4045",43.51
"4046",43.51
"4047",43.51
"4048",43.51
"4049",43.51
"4050",43.51
"4051",43.33
"4052",43.33
"4053",43.33
"4054",43.33
"4055",43.33
"4056",43.33
"4057",43.33
"4058",43.33
"4059",43.33
"4060",43.33
"4061",43.33
"4062",43.33
"4063",43.33
"4064",43.33
"4065",43.33
"4066",43.33
"4067",43.33
"4068",43.33
"4069",43.33
"4070",43.33
"4071",43.33
"4072",43.33
"4073",43.33
"4074",43.33
"4075",43.33
"4076",43.33
"4077",43.33
"4078",43.33
"4079",43.33
"4080",43.33
"4081",43.33
"4082",43.33
"4083",43.33
"4084",43.33
"4085",43.33
"4086",43.33
"4087",43.33
"4088",43.33
"4089",43.33
"4090",43.33
"4091",43.33
"4092",43.33
"4093",43.33
"4094",43.33
"4095",43.33
"4096",43.33
"4097",43.33
"4098",43.33
"4099",43.33
"4100",43.33
"4101",43.33
"4102",43.33
"4103",43.33
"4104",43.33
"4105",43.33
"4106",43.33
"4107",43.33
"4108",43.33
"4109",43.33
"4110",43.33
"4111",43.33
"4112",43.33
"4113",43.33
"4114",43.33
"4115",43.33
"4116",44.94
"4117",44.94
"4118",44.94
"4119",44.94
"4120",44.94
"4121",44.94
"4122",44.94
"4123",44.94
"4124",44.94
"4125",44.94
"4126",44.87
"4127",44.87
"4128",44.87
"4129",44.87
"4130",44.87
"4131",48.27
"4132",40.56
"4133",40.56
"4134",40.56
"4135",40.56
"4136",40.56
"4137",40.56
"4138",40.56
"4139",40.56
"4140",40.56
"4141",40.56
"4142",40.56
"4143",40.56
"4144",40.56
"4145",40.56
"4146",40.56
"4147",40.56
"4148",40.56
"4149",40.56
"4150",40.56
"4151",40.56
"4152",40.56
"4153",40.56
"4154",40.56
"4155",40.56
"4156",40.56
"4157",40.56
"4158",40.56
"4159",40.56
"4160",40.56
"4161",40.56
"4162",40.56
"4163",40.56
"4164",40.56
"4165",40.56
"4166",40.56
"4167",41.22
"4168",41.22
"4169",41.22
"4170",41.22
"4171",41.22
"4172",41.22
"4173",41.22
"4174",41.22
"4175",41.22
"4176",41.22
"4177",41.22
"4178",41.22
"4179",41.22
"4180",41.22
"4181",41.22
"4182",41.22
"4183",41.22
"4184",41.22
"4185",41.22
"4186",41.22
"4187",41.22
"4188",41.22
"4189",41.22
"4190",41.22
"4191",41.22
"4192",41.22
"4193",41.22
"4194",41.22
"4195",41.22
"4196",41.22
"4197",41.22
"4198",41.22
"4199",41.22
"4200",41.22
"4201",41.22
"4202",41.22
"4203",41.22
"4204",41.22
"4205",41.22
"4206",43.06
"4207",43.06
"4208",43.06
"4209",43.06
"4210",43.06
"4211",48.1
"4212",48.82
"4213",50.05
"4214",50.05
"4215",50.05
"4216",50.05
"4217",50.05
"4218",39.02
"4219",39.02
"4220",39.02
"4221",49.3
"4222",39.02
"4223",38.58
"4224",39.02
"4225",39.02
"4226",39.02
"4227",39.02
"4228",39.02
"4229",39.02
"4230",39.02
"4231",39.02
"4232",39.02
"4233",39.02
"4234",39.02
"4235",39.02
"4236",39.02
"4237",39.02
"4238",39.02
"4239",39.02
"4240",39.02
"4241",39.02
"4242",39.02
"4243",39.02
"4244",39.02
"4245",39.02
"4246",39.02
"4247",39.02
"4248",39.02
"4249",39.02
"4250",39.02
"4251",39.02
"4252",39.02
"4253",39.02
"4254",39.02
"4255",39.02
"4256",39.02
"4257",39.02
"4258",39.02
"4259",39.02
"4260",39.02
"4261",39.02
"4262",39.02
"4263",39.02
"4264",39.02
"4265",44.08
"4266",44.08
"4267",44.08
"4268",44.08
"4269",44.08
"4270",44.08
"4271",44.08
"4272",44.08
"4273",44.08
"4274",44.08
"4275",44.08
"4276",44.08
"4277",44.08
"4278",44.08
"4279",44.08
"4280",44.08
"4281",44.08
"4282",44.08
"4283",44.08
"4284",44.08
"4285",44.08
"4286",44.08
"4287",44.08
"4288",44.08
"4289",44.08
"4290",44.08
"4291",44.08
"4292",44.08
"4293",44.08
"4294",44.08
"4295",44.08
"4296",44.08
"4297",44.08
"4298",44.08
"4299",44.08
"4300",44.08
"4301",44.08
"4302",44.08
"4303",44.08
"4304",44.08
"4305",44.08
"4306",50.57
"4307",50.57
"4308",50.57
"4309",50.57
"4310",50.57
"4311",50.37
"4312",57.38
"4313",50.57
"4314",50.57
"4315",50.57
"4316",50.57
"4317",36.1
"4318",36.1
"4319",36.1
"4320",36.1
"4321",32.5
"4322",41.63
"4323",41.27
"4324",41.27
"4325",41.27
"4326",41.27
"4327",41.27
"4328",41.27
"4329",41.27
"4330",41.27
"4331",41.27
"4332",41.27
"4333",41.27
"4334",41.27
"4335",41.27
"4336",41.27
"4337",41.27
"4338",41.27
"4339",41.27
"4340",41.27
"4341",41.27
"4342",41.27
"4343",41.27
"4344",41.27
"4345",41.27
"4346",41.27
"4347",41.27
"4348",41.27
"4349",41.27
"4350",41.27
"4351",41.27
"4352",41.27
"4353",41.27
"4354",41.27
"4355",41.27
"4356",41.27
"4357",41.27
"4358",41.27
"4359",41.27
"4360",41.27
"4361",41.27
"4362",42.3
"4363",42.3
"4364",42.3
"4365",42.3
"4366",42.3
"4367",42.3
"4368",42.3
"4369",42.3
"4370",42.3
"4371",42.3
"4372",42.3
"4373",42.3
"4374",42.3
"4375",42.3
"4376",42.3
"4377",42.3
"4378",42.3
"4379",42.3
"4380",42.3
"4381",42.3
"4382",42.3
"4383",42.3
"4384",42.3
"4385",42.3
"4386",42.3
"4387",42.3
"4388",42.3
"4389",42.3
"4390",42.3
"4391",42.3
"4392",42.3
"4393",42.3
"4394",42.3
"4395",42.3
"4396",42.3
"4397",42.3
"4398",42.3
"4399",42.3
"4400",42.3
"4401",42.3
"4402",42.3
"4403",42.3
"4404",42.3
"4405",42.3
"4406",42.3
"4407",42.3
"4408",42.3
"4409",42.3
"4410",42.3
"4411",42.3
"4412",27.52
"4413",51.77
"4414",54.67
"4415",42.3
"4416",42.3
"4417",42.3
"4418",44.72
"4419",44.72
"4420",44.72
"4421",44.72
"4422",44.72
"4423",44.72
"4424",44.72
"4425",44.72
"4426",44.72
"4427",44.72
"4428",44.72
"4429",44.72
"4430",44.72
"4431",44.72
"4432",44.72
"4433",44.72
"4434",44.72
"4435",44.72
"4436",44.72
"4437",44.72
"4438",44.72
"4439",44.72
"4440",44.72
"4441",44.72
"4442",44.72
"4443",44.72
"4444",44.72
"4445",44.72
"4446",44.72
"4447",44.72
"4448",44.72
"4449",44.72
"4450",44.72
"4451",44.72
"4452",44.72
"4453",44.72
"4454",44.72
"4455",44.72
"4456",44.72
"4457",44.72
"4458",44.72
"4459",44.72
"4460",44.72
"4461",44.72
"4462",44.72
"4463",44.72
"4464",44.72
"4465",44.72
"4466",44.72
"4467",44.72
"4468",44.72
"4469",44.72
"4470",44.72
"4471",44.72
"4472",44.72
"4473",44.72
"4474",44.72
"4475",44.72
"4476",44.72
"4477",44.72
"4478",44.72
"4479",44.72
"4480",44.72
"4481",44.72
"4482",44.72
"4483",44.72
"4484",44.72
"4485",44.72
"4486",44.72
"4487",44.72
"4488",44.72
"4489",44.72
"4490",44.72
"4491",44.72
"4492",44.72
"4493",44.72
"4494",44.72
"4495",44.72
"4496",44.72
"4497",44.72
"4498",44.72
"4499",44.72
"4500",44.72
"4501",44.72
"4502",44.72
"4503",44.72
"4504",44.72
"4505",44.72
"4506",44.72
"4507",44.72
"4508",44.72
"4509",44.72
"4510",44.72
"4511",44.72
"4512",44.72
"4513",44.72
"4514",44.72
"4515",44.72
"4516",44.72
"4517",44.72
"4518",44.72
"4519",44.72
"4520",44.72
"4521",44.72
"4522",44.72
"4523",44.72
"4524",44.72
"4525",44.72
"4526",44.72
"4527",44.72
"4528",44.72
"4529",44.72
"4530",44.72
"4531",44.72
"4532",44.72
"4533",44.72
"4534",44.72
"4535",44.72
"4536",44.72
"4537",44.72
"4538",44.72
"4539",44.72
"4540",44.72
"4541",44.72
"4542",44.72
"4543",44.72
"4544",44.72
"4545",44.72
"4546",44.72
"4547",44.72
"4548",44.72
"4549",44.72
"4550",44.72
"4551",44.72
"4552",44.72
"4553",44.72
"4554",44.72
"4555",44.72
"4556",44.72
"4557",44.72
"4558",44.72
"4559",44.72
"4560",44.72
"4561",44.72
"4562",44.72
"4563",44.72
"4564",44.72
"4565",44.72
"4566",44.72
"4567",44.72
"4568",44.72
"4569",44.72
"4570",44.72
"4571",44.72
"4572",44.72
"4573",44.72
"4574",44.72
"4575",44.72
"4576",44.72
"4577",44.72
"4578",44.72
"4579",44.72
"4580",44.72
"4581",44.72
"4582",44.72
"4583",44.72
"4584",44.72
"4585",44.72
"4586",44.72
"4587",44.72
"4588",44.72
"4589",44.72
"4590",44.72
"4591",44.72
"4592",44.72
"4593",44.72
"4594",44.72
"4595",44.72
"4596",44.72
"4597",44.72
"4598",44.72
"4599",44.72
"4600",44.72
"4601",44.72
"4602",44.72
"4603",44.72
"4604",44.72
"4605",44.72
"4606",44.72
"4607",44.72
"4608",44.72
"4609",44.72
"4610",44.72
"4611",44.72
"4612",44.72
"4613",44.72
"4614",44.72
"4615",44.72
"4616",44.72
"4617",44.72
"4618",44.72
"4619",44.72
"4620",44.72
"4621",44.72
"4622",44.72
"4623",44.72
"4624",44.72
"4625",44.72
"4626",44.72
"4627",44.72
"4628",44.72
"4629",44.72
"4630",44.72
"4631",44.72
"4632",44.72
"4633",44.72
"4634",44.72
"4635",44.72
"4636",44.72
"4637",44.72
"4638",44.72
"4639",44.72
"4640",44.72
"4641",44.72
"4642",44.72
"4643",44.72
"4644",44.72
"4645",44.72
"4646",44.72
"4647",44.72
"4648",44.72
"4649",44.72
"4650",44.72
"4651",44.72
"4652",44.72
"4653",44.72
"4654",44.72
"4655",44.72
"4656",44.72
"4657",44.72
"4658",44.72
"4659",44.72
"4660",44.72
"4661",44.72
"4662",44.72
"4663",44.72
"4664",44.72
"4665",44.72
"4666",44.72
"4667",44.72
"4668",44.72
"4669",44.72
"4670",44.72
"4671",44.72
"4672",44.72
"4673",44.72
"4674",44.72
"4675",44.72
"4676",44.72
"4677",44.72
"4678",44.72
"4679",44.72
"4680",44.72
"4681",44.72
"4682",44.72
"4683",44.72
"4684",44.72
"4685",44.72
"4686",44.72
"4687",44.72
"4688",44.72
"4689",44.72
"4690",44.72
"4691",44.72
"4692",44.72
"4693",44.72
"4694",44.72
"4695",44.72
"4696",44.72
"4697",44.72
"4698",44.72
"4699",44.72
"4700",44.72
"4701",44.72
"4702",44.72
"4703",44.72
"4704",44.72
"4705",44.72
"4706",44.72
"4707",44.72
"4708",44.72
"4709",44.72
"4710",29.32
"4711",29.32
"4712",29.32
"4713",29.32
"4714",29.32
"4715",29.32
"4716",29.32
"4717",29.32
"4718",29.32
"4719",29.32
"4720",29.32
"4721",29.32
"4722",29.32
"4723",29.32
"4724",29.32
"4725",29.32
"4726",29.32
"4727",29.32
"4728",29.32
"4729",29.32
"4730",29.32
"4731",29.32
"4732",29.32
"4733",29.32
"4734",29.32
"4735",29.32
"4736",29.32
"4737",29.32
"4738",29.32
"4739",29.32
"4740",29.32
"4741",29.32
"4742",29.32
"4743",29.32
"4744",29.32
"4745",29.32
"4746",29.32
"4747",29.32
"4748",29.32
"4749",29.32
"4750",29.32
"4751",29.32
"4752",29.32
"4753",29.32
"4754",29.32
"4755",29.32
"4756",29.32
"4757",29.32
"4758",29.32
"4759",29.32
"4760",29.32
"4761",29.32
"4762",29.32
"4763",29.32
"4764",29.32
"4765",29.32
"4766",29.32
"4767",29.32
"4768",29.32
"4769",29.32
"4770",29.32
"4771",29.32
"4772",29.32
"4773",29.32
"4774",29.32
"4775",29.32
"4776",29.32
"4777",29.32
"4778",29.32
"4779",29.32
"4780",29.32
"4781",29.32
"4782",29.32
"4783",29.32
"4784",29.32
"4785",29.32
"4786",29.32
"4787",29.32
"4788",29.32
"4789",29.32
"4790",29.32
"4791",29.32
"4792",29.32
"4793",29.32
"4794",29.32
"4795",29.32
"4796",29.32
"4797",29.32
"4798",29.32
"4799",29.32
"4800",29.32
"4801",29.32
"4802",29.32
"4803",29.32
"4804",29.32
"4805",29.32
"4806",29.32
"4807",29.32
"4808",29.32
"4809",29.32
"4810",29.32
"4811",29.32
"4812",29.32
"4813",29.32
"4814",29.32
"4815",29.32
"4816",29.32
"4817",29.32
"4818",29.32
"4819",29.32
"4820",29.32
"4821",29.32
"4822",29.32
"4823",29.32
"4824",29.32
"4825",29.32
"4826",29.32
"4827",29.32
"4828",29.32
"4829",29.32
"4830",29.32
"4831",29.32
"4832",29.32
"4833",29.32
"4834",29.32
"4835",29.32
"4836",29.32
"4837",29.32
"4838",29.32
"4839",29.32
"4840",29.32
"4841",29.32
"4842",29.32
"4843",29.32
"4844",29.32
"4845",29.32
"4846",29.32
"4847",29.32
"4848",29.32
"4849",29.32
"4850",29.32
"4851",29.32
"4852",29.32
"4853",29.32
"4854",29.32
"4855",29.32
"4856",29.32
"4857",29.32
"4858",29.32
"4859",29.32
"4860",29.32
"4861",29.32
"4862",29.32
"4863",29.32
"4864",29.32
"4865",29.32
"4866",29.32
"4867",29.32
"4868",29.32
"4869",29.32
"4870",29.32
"4871",29.32
"4872",29.32
"4873",29.32
"4874",29.32
"4875",29.32
"4876",29.32
"4877",29.32
"4878",29.32
"4879",29.32
"4880",29.32
"4881",29.32
"4882",29.32
"4883",29.32
"4884",29.32
"4885",29.32
"4886",29.32
"4887",29.32
"4888",29.32
"4889",29.32
"4890",29.32
"4891",29.32
"4892",29.32
"4893",29.32
"4894",29.32
"4895",29.32
"4896",29.32
"4897",29.32
"4898",29.32
"4899",29.32
"4900",29.32
"4901",29.32
"4902",29.32
"4903",29.32
"4904",29.32
"4905",29.32
"4906",29.32
"4907",29.32
"4908",29.32
"4909",29.32
"4910",29.32
"4911",29.32
"4912",29.32
"4913",29.32
"4914",29.32
"4915",29.32
"4916",29.32
"4917",29.32
"4918",29.32
"4919",29.32
"4920",29.32
"4921",29.32
"4922",29.32
"4923",29.32
"4924",29.32
"4925",29.32
"4926",29.32
"4927",29.32
"4928",29.32
"4929",29.32
"4930",29.32
"4931",29.32
"4932",29.32
"4933",29.32
"4934",29.32
"4935",29.32
"4936",29.32
"4937",29.32
"4938",29.32
"4939",29.32
"4940",29.32
"4941",29.32
"4942",29.32
"4943",29.32
"4944",29.32
"4945",29.32
"4946",29.32
"4947",29.32
"4948",29.32
"4949",29.32
"4950",29.32
"4951",29.32
"4952",29.32
"4953",29.32
"4954",29.32
"4955",29.32
"4956",29.32
"4957",29.32
"4958",29.32
"4959",29.32
"4960",29.32
"4961",29.32
"4962",29.32
"4963",29.32
"4964",29.32
"4965",29.32
"4966",29.32
"4967",29.32
"4968",29.32
"4969",29.32
"4970",29.32
"4971",29.32
"4972",29.32
"4973",29.32
"4974",29.32
"4975",29.32
"4976",29.32
"4977",29.32
"4978",29.32
"4979",29.32
"4980",29.32
"4981",29.32
"4982",29.32
"4983",29.32
"4984",29.32
"4985",29.32
"4986",29.32
"4987",29.32
"4988",29.32
"4989",29.32
"4990",29.32
"4991",29.32
"4992",29.32
"4993",29.32
"4994",29.32
"4995",29.32
"4996",29.32
"4997",29.32
"4998",29.32
"4999",29.32
"5000",29.32
"5001",29.32
"5002",29.32
"5003",29.32
"5004",29.32
"5005",29.32
"5006",29.32
"5007",29.32
"5008",29.32
"5009",29.32
"5010",29.32
"5011",29.32
"5012",29.32
"5013",29.32
"5014",29.32
"5015",29.32
"5016",29.32
"5017",29.32
"5018",29.32
"5019",29.32
"5020",29.32
"5021",29.32
"5022",29.32
"5023",29.32
"5024",29.32
"5025",29.32
"5026",29.32
"5027",29.32
"5028",29.32
"5029",29.32
"5030",29.32
"5031",29.32
"5032",29.32
"5033",29.32
"5034",29.32
"5035",29.32
"5036",29.32
"5037",29.32
"5038",29.32
"5039",29.32
"5040",29.32
"5041",29.32
"5042",29.32
"5043",29.32
"5044",29.32
"5045",29.32
"5046",29.32
"5047",29.32
"5048",29.32
"5049",29.32
"5050",29.32
"5051",27.57
"5052",27.57
"5053",27.57
"5054",27.57
"5055",27.57
"5056",27.57
"5057",27.57
"5058",27.57
"5059",27.57
"5060",27.57
"5061",27.57
"5062",27.57
"5063",27.57
"5064",27.57
"5065",27.57
"5066",27.57
"5067",27.57
"5068",27.57
"5069",27.57
"5070",27.57
"5071",27.57
"5072",27.57
"5073",27.57
"5074",27.57
"5075",27.57
"5076",27.57
"5077",27.57
"5078",27.57
"5079",27.57
"5080",27.57
"5081",27.57
"5082",27.57
"5083",27.57
"5084",27.57
"5085",27.57
"5086",27.57
"5087",27.57
"5088",27.57
"5089",27.57
"5090",27.57
"5091",27.57
"5092",27.57
"5093",27.57
"5094",27.57
"5095",27.57
"5096",27.57
"5097",27.57
"5098",27.57
"5099",27.57
"5100",27.57
"5101",27.57
"5102",27.57
"5103",27.57
"5104",27.57
"5105",27.57
"5106",45.46
"5107",45.46
"5108",45.46
"5109",45.46
"5110",45.46
"5111",46.76
"5112",38.44
"5113",47.42
"5114",47.42
"5115",47.42
"5116",47.42
"5117",24.53
"5118",24.53
"5119",24.53
"5120",24.53
"5121",24.53
"5122",24.53
"5123",24.53
"5124",24.53
"5125",24.53
"5126",25.04
"5127",25.04
"5128",25.04
"5129",25.04
"5130",25.04
"5131",25.04
"5132",25.04
"5133",25.04
"5134",25.04
"5135",25.04
"5136",25.04
"5137",31.08
"5138",31.08
"5139",31.08
"5140",31.08
"5141",31.08
"5142",31.08
"5143",31.08
"5144",31.08
"5145",31.08
"5146",31.08
"5147",25.46
"5148",25.46
"5149",25.46
"5150",25.46
"5151",25.2
"5152",32.2
"5153",21.82
"5154",21.82
"5155",21.82
"5156",21.82
"5157",30.59
"5158",30.59
"5159",30.59
"5160",30.59
"5161",32.75
"5162",24.07
"5163",34.25
"5164",30.59
"5165",30.59
"5166",30.59
"5167",30.59
"5168",32.75
"5169",32.75
"5170",32.75
"5171",32.75
"5172",32.75
"5173",32.75
"5174",32.75
"5175",32.75
"5176",32.75
"5177",32.75
"5178",32.75
"5179",32.75
"5180",32.75
"5181",32.75
"5182",32.75
"5183",32.75
"5184",32.75
"5185",29.73
"5186",29.73
"5187",29.73
"5188",29.73
"5189",29.73
"5190",29.73
"5191",29.73
"5192",29.73
"5193",29.73
"5194",29.73
"5195",29.73
"5196",29.73
"5197",29.73
"5198",29.73
"5199",29.73
"5200",29.73
"5201",29.73
"5202",29.73
"5203",29.73
"5204",29.73
"5205",29.73
"5206",26.64
"5207",26.64
"5208",26.64
"5209",26.64
"5210",26.64
"5211",28.84
"5212",23.53
"5213",23.53
"5214",23.53
"5215",23.53
"5216",23.53
"5217",29.47
"5218",29.47
"5219",29.47
"5220",29.47
"5221",35.34
"5222",44.14
"5223",28.48
"5224",28.48
"5225",28.48
"5226",28.48
"5227",30.9
"5228",30.9
"5229",30.9
"5230",30.9
"5231",30.9
"5232",30.9
"5233",30.9
"5234",30.9
"5235",30.9
"5236",39.04
"5237",39.04
"5238",39.04
"5239",39.04
"5240",39.04
"5241",39.73
"5242",39.04
"5243",39.04
"5244",38.88
"5245",39.04
"5246",39.04
"5247",39.04
"5248",39.04
"5249",39.04
"5250",39.04
"5251",39.04
"5252",39.04
"5253",39.04
"5254",39.04
"5255",39.04
"5256",39.04
"5257",39.04
"5258",39.04
"5259",39.04
"5260",39.04
"5261",39.04
"5262",39.04
"5263",39.04
"5264",39.04
"5265",39.04
"5266",39.04
"5267",39.04
"5268",39.04
"5269",39.04
"5270",39.04
"5271",39.04
"5272",39.04
"5273",39.04
"5274",39.04
"5275",25.09
"5276",25.09
"5277",25.09
"5278",25.09
"5279",25.09
"5280",25.09
"5281",25.09
"5282",25.09
"5283",25.09
"5284",25.09
"5285",25.09
"5286",25.09
"5287",25.09
"5288",25.09
"5289",25.09
"5290",25.09
"5291",25.09
"5292",25.09
"5293",25.09
"5294",25.09
"5295",25.09
"5296",25.09
"5297",25.09
"5298",25.09
"5299",25.09
"5300",25.09
"5301",25.09
"5302",25.09
"5303",25.09
"5304",25.09
"5305",25.09
"5306",24.98
"5307",24.98
"5308",24.98
"5309",24.98
"5310",24.98
"5311",24.98
"5312",24.98
"5313",24.98
"5314",24.98
"5315",24.98
"5316",24.98
"5317",26.64
"5318",26.64
"5319",26.64
"5320",26.64
"5321",26.64
"5322",21.64
"5323",21.64
"5324",21.64
"5325",21.64
"5326",26.64
"5327",26.64
"5328",26.64
"5329",26.64
"5330",26.64
"5331",26.64
"5332",26.64
"5333",26.64
"5334",26.64
"5335",26.64
"5336",26.64
"5337",26.64
"5338",26.64
"5339",26.64
"5340",26.64
"5341",26.64
"5342",26.64
"5343",26.64
"5344",26.64
"5345",26.64
"5346",26.64
"5347",26.64
"5348",26.64
"5349",26.64
"5350",26.64
"5351",26.64
"5352",26.64
"5353",26.64
"5354",26.64
"5355",26.64
"5356",26.64
"5357",26.64
"5358",26.64
"5359",26.64
"5360",26.64
"5361",26.64
"5362",26.64
"5363",26.64
"5364",26.64
"5365",36.86
"5366",36.86
"5367",36.86
"5368",36.86
"5369",36.86
"5370",36.86
"5371",36.86
"5372",36.86
"5373",36.86
"5374",36.86
"5375",36.86
"5376",36.86
"5377",36.86
"5378",36.86
"5379",36.86
"5380",36.86
"5381",36.86
"5382",36.86
"5383",36.86
"5384",36.86
"5385",36.86
"5386",36.86
"5387",36.86
"5388",36.86
"5389",36.86
"5390",36.86
"5391",36.86
"5392",36.86
"5393",36.86
"5394",36.86
"5395",36.86
"5396",36.86
"5397",36.86
"5398",36.86
"5399",36.86
"5400",36.86
"5401",36.86
"5402",36.86
"5403",36.86
"5404",36.86
"5405",36.86
"5406",36.86
"5407",36.86
"5408",36.86
"5409",36.86
"5410",36.86
"5411",46.38
"5412",51.5
"5413",48.13
"5414",23.8
"5415",23.8
"5416",23.8
"5417",33.83
"5418",33.83
"5419",33.83
"5420",33.83
"5421",33.83
"5422",33.83
"5423",33.83
"5424",33.83
"5425",33.83
"5426",33.83
"5427",33.83
"5428",33.83
"5429",33.83
"5430",33.83
"5431",33.83
"5432",33.83
"5433",33.83
"5434",33.83
"5435",33.83
"5436",33.83
"5437",33.83
"5438",33.83
"5439",33.83
"5440",33.83
"5441",33.83
"5442",33.83
"5443",33.83
"5444",33.83
"5445",33.83
"5446",33.83
"5447",33.83
"5448",33.83
"5449",33.83
"5450",33.83
"5451",33.83
"5452",33.83
"5453",33.83
"5454",33.83
"5455",33.83
"5456",33.83
"5457",33.83
"5458",33.83
"5459",33.83
"5460",33.83
"5461",33.83
"5462",33.83
"5463",33.83
"5464",33.83
"5465",33.83
"5466",33.83
"5467",33.83
"5468",33.83
"5469",33.83
"5470",33.83
"5471",33.83
"5472",33.83
"5473",33.83
"5474",33.83
"5475",33.83
"5476",33.83
"5477",33.83
"5478",33.83
"5479",33.83
"5480",33.83
"5481",33.83
"5482",33.83
"5483",33.83
"5484",33.83
"5485",33.83
"5486",33.83
"5487",33.83
"5488",33.83
"5489",33.83
"5490",33.83
"5491",33.83
"5492",33.83
"5493",33.83
"5494",33.83
"5495",33.83
"5496",33.83
"5497",33.83
"5498",33.83
"5499",33.83
"5500",33.83
"5501",33.83
"5502",33.83
"5503",33.83
"5504",33.83
"5505",33.83
"5506",33.83
"5507",33.83
"5508",33.83
"5509",33.83
"5510",33.83
"5511",33.83
"5512",33.83
"5513",33.83
"5514",33.83
"5515",33.83
"5516",33.83
"5517",33.83
"5518",33.83
"5519",33.83
"5520",33.83
"5521",33.83
"5522",33.83
"5523",33.83
"5524",33.83
"5525",33.83
"5526",33.83
"5527",33.83
"5528",33.83
"5529",33.83
"5530",33.83
"5531",33.83
"5532",33.83
"5533",33.83
"5534",33.83
"5535",33.83
"5536",33.83
"5537",33.83
"5538",33.83
"5539",33.83
"5540",33.83
"5541",33.83
"5542",33.83
"5543",33.83
"5544",33.83
"5545",33.83
"5546",33.83
"5547",33.83
"5548",33.83
"5549",33.83
"5550",33.83
"5551",33.83
"5552",33.83
"5553",33.83
"5554",33.83
"5555",33.83
"5556",33.83
"5557",33.83
"5558",33.83
"5559",33.83
"5560",33.83
"5561",33.83
"5562",33.83
"5563",33.83
"5564",33.83
"5565",33.83
"5566",33.83
"5567",33.83
"5568",33.83
"5569",33.83
"5570",33.83
"5571",33.83
"5572",33.83
"5573",33.83
"5574",33.83
"5575",33.83
"5576",33.83
"5577",33.83
"5578",33.83
"5579",33.83
"5580",33.83
"5581",33.83
"5582",33.83
"5583",33.83
"5584",33.83
"5585",33.83
"5586",33.83
"5587",33.83
"5588",33.83
"5589",33.83
"5590",33.83
"5591",33.83
"5592",33.83
"5593",33.83
"5594",33.83
"5595",33.83
"5596",33.83
"5597",33.83
"5598",33.83
"5599",33.83
"5600",33.83
"5601",33.83
"5602",33.83
"5603",33.83
"5604",33.83
"5605",33.83
"5606",33.83
"5607",33.83
"5608",33.83
"5609",33.83
"5610",33.83
"5611",33.83
"5612",33.83
"5613",33.83
"5614",33.83
"5615",33.83
"5616",33.83
"5617",33.83
"5618",33.83
"5619",33.83
"5620",33.83
"5621",33.83
"5622",33.83
"5623",33.83
"5624",33.83
"5625",33.83
"5626",33.83
"5627",33.83
"5628",33.83
"5629",33.83
"5630",33.83
"5631",33.83
"5632",33.83
"5633",33.83
"5634",33.83
"5635",33.83
"5636",33.83
"5637",33.83
"5638",33.83
"5639",33.83
"5640",33.83
"5641",33.83
"5642",33.83
"5643",33.83
"5644",33.83
"5645",33.83
"5646",33.83
"5647",33.83
"5648",33.83
"5649",33.83
"5650",33.83
"5651",33.83
"5652",33.83
"5653",33.83
"5654",33.83
"5655",33.83
"5656",33.83
"5657",33.83
"5658",33.83
"5659",33.83
"5660",33.83
"5661",33.83
"5662",33.83
"5663",33.83
"5664",33.83
"5665",33.83
"5666",33.83
"5667",33.83
"5668",33.83
"5669",33.83
"5670",33.83
"5671",33.83
"5672",33.83
"5673",33.83
"5674",33.83
"5675",33.83
"5676",33.83
"5677",33.83
"5678",33.83
"5679",33.83
"5680",33.83
"5681",33.83
"5682",33.83
"5683",33.83
"5684",33.83
"5685",33.83
"5686",33.83
"5687",33.83
"5688",33.83
"5689",33.83
"5690",33.83
"5691",33.83
"5692",33.83
"5693",33.83
"5694",33.83
"5695",33.83
"5696",33.83
"5697",33.83
"5698",33.83
"5699",33.83
"5700",33.83
"5701",33.83
"5702",33.83
"5703",33.83
"5704",33.83
"5705",33.83
"5706",33.83
"5707",33.83
"5708",33.83
"5709",33.83
"5710",19.2
"5711",19.2
"5712",19.2
"5713",19.2
"5714",19.2
"5715",19.2
"5716",19.2
"5717",19.2
"5718",19.2
"5719",19.2
"5720",19.2
"5721",19.2
"5722",19.2
"5723",19.2
"5724",19.2
"5725",19.2
"5726",19.2
"5727",19.2
"5728",19.2
"5729",19.2
"5730",19.2
"5731",19.2
"5732",19.2
"5733",19.2
"5734",19.2
"5735",19.2
"5736",19.2
"5737",19.2
"5738",19.2
"5739",19.2
"5740",19.2
"5741",19.2
"5742",19.2
"5743",19.2
"5744",19.2
"5745",19.2
"5746",19.2
"5747",19.2
"5748",19.2
"5749",19.2
"5750",19.2
"5751",19.2
"5752",19.2
"5753",19.2
"5754",19.2
"5755",19.2
"5756",19.2
"5757",19.2
"5758",19.2
"5759",19.2
"5760",19.2
"5761",19.2
"5762",19.2
"5763",19.2
"5764",19.2
"5765",19.2
"5766",19.2
"5767",19.2
"5768",19.2
"5769",19.2
"5770",19.2
"5771",19.2
"5772",19.2
"5773",19.2
"5774",19.2
"5775",19.2
"5776",19.2
"5777",19.2
"5778",19.2
"5779",19.2
"5780",19.2
"5781",19.2
"5782",19.2
"5783",19.2
"5784",19.2
"5785",19.2
"5786",19.2
"5787",19.2
"5788",19.2
"5789",19.2
"5790",19.2
"5791",19.2
"5792",19.2
"5793",19.2
"5794",19.2
"5795",19.2
"5796",19.2
"5797",19.2
"5798",19.2
"5799",19.2
"5800",19.2
"5801",19.2
"5802",19.2
"5803",19.2
"5804",19.2
"5805",19.2
"5806",19.2
"5807",19.2
"5808",19.2
"5809",19.2
"5810",19.2
"5811",19.2
"5812",19.2
"5813",19.2
"5814",19.2
"5815",19.2
"5816",19.2
"5817",19.2
"5818",19.2
"5819",19.2
"5820",19.2
"5821",19.2
"5822",19.2
"5823",19.2
"5824",19.2
"5825",19.2
"5826",19.2
"5827",19.2
"5828",19.2
"5829",19.2
"5830",19.2
"5831",19.2
"5832",19.2
"5833",19.2
"5834",19.2
"5835",19.2
"5836",19.2
"5837",19.2
"5838",19.2
"5839",19.2
"5840",19.2
"5841",19.2
"5842",19.2
"5843",19.2
"5844",19.2
"5845",19.2
"5846",19.2
"5847",19.2
"5848",19.2
"5849",19.2
"5850",19.2
"5851",19.2
"5852",19.2
"5853",19.2
"5854",19.2
"5855",19.2
"5856",19.2
"5857",19.2
"5858",19.2
"5859",19.2
"5860",19.2
"5861",19.2
"5862",19.2
"5863",19.2
"5864",19.2
"5865",19.2
"5866",19.2
"5867",19.2
"5868",19.2
"5869",19.2
"5870",19.2
"5871",19.2
"5872",19.2
"5873",19.2
"5874",19.2
"5875",19.2
"5876",19.2
"5877",19.2
"5878",19.2
"5879",19.2
"5880",19.2
"5881",19.2
"5882",19.2
"5883",19.2
"5884",19.2
"5885",19.2
"5886",19.2
"5887",19.2
"5888",19.2
"5889",19.2
"5890",19.2
"5891",19.2
"5892",19.2
"5893",19.2
"5894",19.2
"5895",19.2
"5896",19.2
"5897",19.2
"5898",19.2
"5899",19.2
"5900",19.2
"5901",19.2
"5902",19.2
"5903",19.2
"5904",19.2
"5905",19.2
"5906",19.2
"5907",19.2
"5908",19.2
"5909",19.2
"5910",19.2
"5911",19.2
"5912",19.2
"5913",19.2
"5914",19.2
"5915",19.2
"5916",19.2
"5917",19.2
"5918",19.2
"5919",19.2
"5920",19.2
"5921",19.2
"5922",19.2
"5923",19.2
"5924",19.2
"5925",19.2
"5926",19.2
"5927",19.2
"5928",19.2
"5929",19.2
"5930",19.2
"5931",19.2
"5932",19.2
"5933",19.2
"5934",19.2
"5935",19.2
"5936",19.2
"5937",19.2
"5938",19.2
"5939",19.2
"5940",19.2
"5941",19.2
"5942",19.2
"5943",19.2
"5944",19.2
"5945",19.2
"5946",19.2
"5947",19.2
"5948",19.2
"5949",19.2
"5950",19.2
"5951",19.2
"5952",19.2
"5953",19.2
"5954",19.2
"5955",19.2
"5956",19.2
"5957",19.2
"5958",19.2
"5959",19.2
"5960",19.2
"5961",19.2
"5962",19.2
"5963",19.2
"5964",19.2
"5965",19.2
"5966",19.2
"5967",19.2
"5968",19.2
"5969",19.2
"5970",19.2
"5971",19.2
"5972",19.2
"5973",19.2
"5974",19.2
"5975",19.2
"5976",19.2
"5977",19.2
"5978",19.2
"5979",19.2
"5980",19.2
"5981",19.2
"5982",19.2
"5983",19.2
"5984",19.2
"5985",19.2
"5986",19.2
"5987",19.2
"5988",19.2
"5989",19.2
"5990",19.2
"5991",19.2
"5992",19.2
"5993",19.2
"5994",19.2
"5995",19.2
"5996",19.2
"5997",19.2
"5998",19.2
"5999",19.2
"6000",19.2
"6001",19.2
"6002",19.2
"6003",19.2
"6004",19.2
"6005",19.2
"6006",19.2
"6007",19.2
"6008",19.2
"6009",19.2
"6010",19.2
"6011",19.2
"6012",19.2
"6013",19.2
"6014",19.2
"6015",19.2
"6016",19.2
"6017",19.2
"6018",19.2
"6019",19.2
"6020",19.2
"6021",19.2
"6022",19.2
"6023",19.2
"6024",19.2
"6025",19.2
"6026",19.2
"6027",19.2
"6028",19.2
"6029",19.2
"6030",19.2
"6031",19.2
"6032",19.2
"6033",19.2
"6034",19.2
"6035",19.2
"6036",19.2
"6037",19.2
"6038",19.2
"6039",19.2
"6040",19.2
"6041",19.2
"6042",19.2
"6043",19.2
"6044",19.2
"6045",19.2
"6046",19.2
"6047",19.2
"6048",19.2
"6049",19.2
"6050",19.2
"6051",19.41
"6052",19.41
"6053",19.41
"6054",19.41
"6055",19.41
"6056",19.41
"6057",19.41
"6058",19.41
"6059",19.41
"6060",19.41
"6061",19.41
"6062",19.41
"6063",19.41
"6064",19.41
"6065",19.41
"6066",19.41
"6067",19.41
"6068",19.41
"6069",19.41
"6070",19.41
"6071",19.41
"6072",19.41
"6073",19.41
"6074",19.41
"6075",19.41
"6076",19.41
"6077",19.41
"6078",19.41
"6079",19.41
"6080",19.41
"6081",19.41
"6082",19.41
"6083",19.41
"6084",19.41
"6085",19.41
"6086",19.41
"6087",19.41
"6088",19.41
"6089",19.41
"6090",19.41
"6091",19.41
"6092",19.41
"6093",19.41
"6094",19.41
"6095",19.41
"6096",19.41
"6097",19.41
"6098",19.41
"6099",19.41
"6100",19.41
"6101",19.41
"6102",19.41
"6103",19.41
"6104",19.41
"6105",19.41
"6106",16.34
"6107",16.34
"6108",16.34
"6109",16.34
"6110",16.34
"6111",11.56
"6112",18.95
"6113",20.91
"6114",12.87
"6115",12.87
"6116",12.87
"6117",12.87
"6118",22.21
"6119",22.21
"6120",22.21
"6121",21.13
"6122",19.83
"6123",28.04
"6124",28.04
"6125",28.04
"6126",28.04
"6127",28.04
"6128",28.04
"6129",28.04
"6130",17.79
"6131",17.79
"6132",17.79
"6133",17.79
"6134",17.79
"6135",17.79
"6136",17.79
"6137",17.79
"6138",17.79
"6139",17.79
"6140",17.79
"6141",17.79
"6142",17.79
"6143",17.79
"6144",17.79
"6145",17.79
"6146",17.79
"6147",17.79
"6148",17.79
"6149",17.79
"6150",17.79
"6151",17.79
"6152",17.79
"6153",17.79
"6154",17.79
"6155",17.79
"6156",17.79
"6157",17.79
"6158",17.79
"6159",17.79
"6160",17.79
"6161",17.79
"6162",17.79
"6163",17.79
"6164",17.79
"6165",17.79
"6166",18.29
"6167",18.29
"6168",18.29
"6169",18.29
"6170",18.29
"6171",18.29
"6172",18.29
"6173",18.29
"6174",18.29
"6175",18.29
"6176",18.29
"6177",18.29
"6178",18.29
"6179",18.29
"6180",18.29
"6181",18.29
"6182",18.29
"6183",18.29
"6184",18.29
"6185",18.29
"6186",18.29
"6187",18.29
"6188",18.29
"6189",18.29
"6190",18.29
"6191",18.29
"6192",18.29
"6193",18.29
"6194",18.29
"6195",18.29
"6196",18.29
"6197",18.29
"6198",18.29
"6199",18.29
"6200",18.29
"6201",18.29
"6202",18.29
"6203",18.29
"6204",18.29
"6205",18.29
"6206",19.78
"6207",19.78
"6208",19.78
"6209",19.78
"6210",19.78
"6211",19.78
"6212",19.78
"6213",19.78
"6214",19.78
"6215",19.78
"6216",16.33
"6217",16.33
"6218",16.33
"6219",16.33
"6220",16.33
"6221",17
"6222",13.35
"6223",20.69
"6224",11.01
"6225",11.01
"6226",11.01
"6227",11.01
"6228",11.01
"6229",11.01
"6230",11.01
"6231",11.01
"6232",11.01
"6233",11.01
"6234",11.01
"6235",11.01
"6236",11.01
"6237",11.01
"6238",11.01
"6239",11.01
"6240",11.01
"6241",11.01
"6242",11.01
"6243",11.01
"6244",11.01
"6245",11.01
"6246",11.01
"6247",11.01
"6248",11.01
"6249",11.01
"6250",11.01
"6251",11.01
"6252",11.01
"6253",11.01
"6254",11.01
"6255",11.01
"6256",11.01
"6257",11.01
"6258",11.01
"6259",11.01
"6260",11.01
"6261",11.01
"6262",11.01
"6263",11.01
"6264",11.01
"6265",11.01
"6266",11.01
"6267",11.01
"6268",11.01
"6269",11.01
"6270",11.01
"6271",11.01
"6272",11.01
"6273",11.01
"6274",11.01
"6275",11.01
"6276",11.01
"6277",11.01
"6278",11.01
"6279",11.01
"6280",11.01
"6281",11.01
"6282",11.01
"6283",11.01
"6284",11.01
"6285",11.01
"6286",11.01
"6287",11.01
"6288",11.01
"6289",11.01
"6290",11.01
"6291",11.01
"6292",11.01
"6293",11.01
"6294",11.01
"6295",11.01
"6296",11.01
"6297",11.01
"6298",11.01
"6299",11.01
"6300",11.01
"6301",11.01
"6302",11.01
"6303",11.01
"6304",11.01
"6305",11.01
"6306",11.01
"6307",11.01
"6308",11.01
"6309",11.01
"6310",11.01
"6311",11.01
"6312",11.01
"6313",11.01
"6314",11.01
"6315",11.01
"6316",11.01
"6317",11.01
"6318",11.01
"6319",11.01
"6320",11.01
"6321",11.01
"6322",11.01
"6323",11.01
"6324",11.01
"6325",11.01
"6326",11.01
"6327",11.01
"6328",11.01
"6329",11.01
"6330",11.01
"6331",11.01
"6332",11.01
"6333",11.01
"6334",11.01
"6335",11.01
"6336",11.01
"6337",11.01
"6338",11.01
"6339",11.01
"6340",11.01
"6341",11.01
"6342",11.01
"6343",11.01
"6344",11.01
"6345",11.01
"6346",11.01
"6347",11.01
"6348",11.01
"6349",11.01
"6350",11.01
"6351",11.01
"6352",11.01
"6353",11.01
"6354",11.01
"6355",11.01
"6356",11.01
"6357",11.01
"6358",11.01
"6359",11.01
"6360",11.01
"6361",11.01
"6362",11.01
"6363",11.01
"6364",11.01
"6365",11.01
"6366",11.01
"6367",11.01
"6368",11.01
"6369",11.01
"6370",11.01
"6371",11.01
"6372",11.01
"6373",11.01
"6374",11.01
"6375",11.01
"6376",11.01
"6377",11.01
"6378",11.01
"6379",11.01
"6380",11.01
"6381",11.01
"6382",11.01
"6383",11.01
"6384",11.01
"6385",11.01
"6386",11.01
"6387",11.01
"6388",11.01
"6389",11.01
"6390",11.01
"6391",11.01
"6392",11.01
"6393",11.01
"6394",11.01
"6395",11.01
"6396",11.01
"6397",11.01
"6398",11.01
"6399",11.01
"6400",11.01
"6401",11.01
"6402",11.01
"6403",11.01
"6404",11.01
"6405",11.01
"6406",11.01
"6407",11.01
"6408",11.01
"6409",11.01
"6410",11.01
"6411",11.01
"6412",11.01
"6413",11.01
"6414",11.01
"6415",11.01
"6416",11.01
"6417",11.01
"6418",11.01
"6419",11.01
"6420",11.01
"6421",11.01
"6422",11.01
"6423",11.01
"6424",11.01
"6425",11.01
"6426",11.01
"6427",11.01
"6428",11.01
"6429",11.01
"6430",11.01
"6431",11.01
"6432",11.01
"6433",11.01
"6434",11.01
"6435",11.01
"6436",11.01
"6437",11.01
"6438",11.01
"6439",11.01
"6440",11.01
"6441",11.01
"6442",11.01
"6443",11.01
"6444",11.01
"6445",11.01
"6446",11.01
"6447",11.01
"6448",11.01
"6449",11.01
"6450",11.01
"6451",11.01
"6452",11.01
"6453",11.01
"6454",11.01
"6455",11.01
"6456",11.01
"6457",11.01
"6458",11.01
"6459",11.01
"6460",11.01
"6461",11.01
"6462",11.01
"6463",11.01
"6464",11.01
"6465",11.01
"6466",11.01
"6467",11.01
"6468",11.01
"6469",11.01
"6470",11.01
"6471",11.01
"6472",11.01
"6473",11.01
"6474",11.01
"6475",11.01
"6476",11.01
"6477",11.01
"6478",11.01
"6479",11.01
"6480",11.01
"6481",11.01
"6482",11.01
"6483",11.01
"6484",11.01
"6485",11.01
"6486",11.01
"6487",11.01
"6488",11.01
"6489",11.01
"6490",11.01
"6491",11.01
"6492",11.01
"6493",11.01
"6494",11.01
"6495",11.01
"6496",11.01
"6497",11.01
"6498",11.01
"6499",11.01
"6500",11.01
"6501",11.01
"6502",11.01
"6503",11.01
"6504",11.01
"6505",11.01
"6506",11.01
"6507",11.01
"6508",11.01
"6509",11.01
"6510",11.01
"6511",11.01
"6512",11.01
"6513",11.01
"6514",11.01
"6515",11.01
"6516",11.01
"6517",11.01
"6518",11.01
"6519",11.01
"6520",11.01
"6521",11.01
"6522",11.01
"6523",11.01
"6524",11.01
"6525",11.01
"6526",11.01
"6527",11.01
"6528",11.01
"6529",11.01
"6530",11.01
"6531",11.01
"6532",11.01
"6533",11.01
"6534",11.01
"6535",11.01
"6536",11.01
"6537",11.01
"6538",11.01
"6539",11.01
"6540",11.01
"6541",11.01
"6542",11.01
"6543",11.01
"6544",11.01
"6545",11.01
"6546",11.01
"6547",11.01
"6548",11.01
"6549",11.01
"6550",11.01
"6551",11.01
"6552",11.01
"6553",11.01
"6554",11.01
"6555",11.01
"6556",11.01
"6557",11.01
"6558",11.01
"6559",11.01
"6560",11.01
"6561",11.01
"6562",11.01
"6563",11.01
"6564",11.01
"6565",11.01
"6566",11.01
"6567",11.01
"6568",11.01
"6569",11.01
"6570",11.01
"6571",11.01
"6572",11.01
"6573",11.01
"6574",11.01
"6575",11.01
"6576",11.01
"6577",11.01
"6578",11.01
"6579",11.01
"6580",11.01
"6581",11.01
"6582",11.01
"6583",11.01
"6584",11.01
"6585",11.01
"6586",11.01
"6587",11.01
"6588",11.01
"6589",11.01
"6590",11.01
"6591",11.01
"6592",11.01
"6593",11.01
"6594",11.01
"6595",11.01
"6596",11.01
"6597",11.01
"6598",11.01
"6599",11.01
"6600",11.01
"6601",11.01
"6602",11.01
"6603",11.01
"6604",11.01
"6605",11.01
"6606",11.01
"6607",11.01
"6608",11.01
"6609",11.01
"6610",11.01
"6611",11.01
"6612",11.01
"6613",11.01
"6614",11.01
"6615",11.01
"6616",11.01
"6617",11.01
"6618",11.01
"6619",11.01
"6620",11.01
"6621",11.01
"6622",11.01
"6623",11.01
"6624",11.01
"6625",11.01
"6626",11.01
"6627",11.01
"6628",11.01
"6629",11.01
"6630",11.01
"6631",11.01
"6632",11.01
"6633",11.01
"6634",11.01
"6635",11.01
"6636",11.01
"6637",11.01
"6638",11.01
"6639",11.01
"6640",11.01
"6641",11.01
"6642",11.01
"6643",11.01
"6644",11.01
"6645",11.01
"6646",11.01
"6647",11.01
"6648",11.01
"6649",11.01
"6650",11.01
"6651",11.01
"6652",11.01
"6653",11.01
"6654",11.01
"6655",11.01
"6656",11.01
"6657",11.01
"6658",11.01
"6659",11.01
"6660",11.01
"6661",11.01
"6662",11.01
"6663",11.01
"6664",11.01
"6665",11.01
"6666",11.01
"6667",11.01
"6668",11.01
"6669",11.01
"6670",11.01
"6671",28.53
"6672",28.53
"6673",28.53
"6674",28.53
"6675",28.53
"6676",28.53
"6677",28.53
"6678",28.53
"6679",28.53
"6680",28.53
"6681",28.53
"6682",28.53
"6683",28.53
"6684",28.53
"6685",28.53
"6686",28.53
"6687",28.53
"6688",28.53
"6689",28.53
"6690",28.53
"6691",28.53
"6692",28.53
"6693",28.53
"6694",28.53
"6695",28.53
"6696",28.53
"6697",28.53
"6698",28.53
"6699",28.53
"6700",28.53
"6701",28.53
"6702",28.53
"6703",28.53
"6704",28.53
"6705",28.53
"6706",28.53
"6707",28.53
"6708",28.53
"6709",28.53
"6710",28.53
"6711",28.53
"6712",28.53
"6713",28.53
"6714",28.53
"6715",28.53
"6716",28.53
"6717",28.53
"6718",28.53
"6719",28.53
"6720",28.53
"6721",28.53
"6722",28.53
"6723",28.53
"6724",28.53
"6725",28.53
"6726",28.53
"6727",28.53
"6728",28.53
"6729",28.53
"6730",28.53
"6731",28.53
"6732",28.53
"6733",28.53
"6734",28.53
"6735",28.53
"6736",28.53
"6737",28.53
"6738",28.53
"6739",28.53
"6740",28.53
"6741",28.53
"6742",28.53
"6743",28.53
"6744",28.53
"6745",28.53
"6746",28.53
"6747",28.53
"6748",28.53
"6749",28.53
"6750",28.53
"6751",28.53
"6752",28.53
"6753",28.53
"6754",28.53
"6755",28.53
"6756",28.53
"6757",28.53
"6758",28.53
"6759",28.53
"6760",28.53
"6761",28.53
"6762",28.53
"6763",28.53
"6764",28.53
"6765",28.53
"6766",28.53
"6767",28.53
"6768",28.53
"6769",28.53
"6770",28.53
"6771",28.53
"6772",28.53
"6773",28.53
"6774",28.53
"6775",28.53
"6776",28.53
"6777",28.53
"6778",28.53
"6779",28.53
"6780",28.53
"6781",28.53
"6782",28.53
"6783",28.53
"6784",28.53
"6785",28.53
"6786",28.53
"6787",28.53
"6788",28.53
"6789",28.53
"6790",28.53
"6791",28.53
"6792",28.53
"6793",28.53
"6794",28.53
"6795",28.53
"6796",28.53
"6797",28.53
"6798",28.53
"6799",28.53
"6800",28.53
"6801",28.53
"6802",28.53
"6803",28.53
"6804",28.53
"6805",28.53
"6806",28.53
"6807",28.53
"6808",28.53
"6809",28.53
"6810",28.53
"6811",28.53
"6812",28.53
"6813",28.53
"6814",28.53
"6815",28.53
"6816",28.53
"6817",28.53
"6818",28.53
"6819",28.53
"6820",28.53
"6821",28.53
"6822",28.53
"6823",28.53
"6824",28.53
"6825",28.53
"6826",28.53
"6827",28.53
"6828",28.53
"6829",28.53
"6830",28.53
"6831",28.53
"6832",28.53
"6833",28.53
"6834",28.53
"6835",28.53
"6836",28.53
"6837",28.53
"6838",28.53
"6839",28.53
"6840",28.53
"6841",28.53
"6842",28.53
"6843",28.53
"6844",28.53
"6845",28.53
"6846",28.53
"6847",28.53
"6848",28.53
"6849",28.53
"6850",28.53
"6851",28.53
"6852",28.53
"6853",28.53
"6854",28.53
"6855",28.53
"6856",28.53
"6857",28.53
"6858",28.53
"6859",28.53
"6860",28.53
"6861",28.53
"6862",28.53
"6863",28.53
"6864",28.53
"6865",28.53
"6866",28.53
"6867",28.53
"6868",28.53
"6869",28.53
"6870",28.53
"6871",28.53
"6872",28.53
"6873",28.53
"6874",28.53
"6875",28.53
"6876",28.53
"6877",28.53
"6878",28.53
"6879",28.53
"6880",28.53
"6881",28.53
"6882",28.53
"6883",28.53
"6884",28.53
"6885",28.53
"6886",28.53
"6887",28.53
"6888",28.53
"6889",28.53
"6890",28.53
"6891",28.53
"6892",28.53
"6893",28.53
"6894",28.53
"6895",28.53
"6896",28.53
"6897",28.53
"6898",28.53
"6899",28.53
"6900",28.53
"6901",28.53
"6902",28.53
"6903",28.53
"6904",28.53
"6905",28.53
"6906",28.53
"6907",28.53
"6908",28.53
"6909",28.53
"6910",28.53
"6911",28.53
"6912",28.53
"6913",28.53
"6914",28.53
"6915",28.53
"6916",28.53
"6917",28.53
"6918",28.53
"6919",28.53
"6920",28.53
"6921",28.53
"6922",28.53
"6923",28.53
"6924",28.53
"6925",28.53
"6926",28.53
"6927",28.53
"6928",28.53
"6929",28.53
"6930",28.53
"6931",28.53
"6932",28.53
"6933",28.53
"6934",28.53
"6935",28.53
"6936",28.53
"6937",28.53
"6938",28.53
"6939",28.53
"6940",28.53
"6941",28.53
"6942",28.53
"6943",28.53
"6944",28.53
"6945",28.53
"6946",28.53
"6947",28.53
"6948",28.53
"6949",28.53
"6950",28.53
"6951",28.53
"6952",28.53
"6953",28.53
"6954",28.53
"6955",28.53
"6956",28.53
"6957",28.53
"6958",28.53
"6959",28.53
"6960",28.53
"6961",28.53
"6962",28.53
"6963",28.53
"6964",28.53
"6965",28.53
"6966",28.53
"6967",28.53
"6968",28.53
"6969",28.53
"6970",28.53
"6971",28.53
"6972",28.53
"6973",28.53
"6974",28.53
"6975",28.53
"6976",28.53
"6977",28.53
"6978",28.53
"6979",28.53
"6980",28.53
"6981",28.53
"6982",28.53
"6983",28.53
"6984",28.53
"6985",28.53
"6986",28.53
"6987",28.53
"6988",28.53
"6989",28.53
"6990",28.53
"6991",28.53
"6992",28.53
"6993",28.53
"6994",28.53
"6995",28.53
"6996",28.53
"6997",28.53
"6998",28.53
"6999",28.53
"7000",28.53
"7001",28.53
"7002",28.53
"7003",28.53
"7004",28.53
"7005",28.53
"7006",28.53
"7007",28.53
"7008",28.53
"7009",28.53
"7010",28.53
"7011",28.53
"7012",28.53
"7013",28.53
"7014",28.53
"7015",28.53
"7016",28.53
"7017",28.53
"7018",28.53
"7019",28.53
"7020",28.53
"7021",28.53
"7022",28.53
"7023",28.53
"7024",28.53
"7025",28.53
"7026",28.53
"7027",28.53
"7028",28.53
"7029",28.53
"7030",28.53
"7031",28.53
"7032",28.53
"7033",28.53
"7034",28.53
"7035",28.53
"7036",28.53
"7037",28.53
"7038",28.53
"7039",28.53
"7040",28.53
"7041",28.53
"7042",28.53
"7043",28.53
"7044",28.53
"7045",28.53
"7046",28.53
"7047",28.53
"7048",28.53
"7049",28.53
"7050",28.53
"7051",25.39
"7052",25.39
"7053",25.39
"7054",25.39
"7055",25.39
"7056",25.39
"7057",25.39
"7058",25.39
"7059",25.39
"7060",25.39
"7061",25.39
"7062",25.39
"7063",25.39
"7064",25.39
"7065",25.39
"7066",25.39
"7067",25.39
"7068",25.39
"7069",25.39
"7070",25.39
"7071",25.39
"7072",25.39
"7073",25.39
"7074",25.39
"7075",25.39
"7076",25.39
"7077",25.39
"7078",25.39
"7079",25.39
"7080",25.39
"7081",25.39
"7082",25.39
"7083",25.39
"7084",25.39
"7085",25.39
"7086",25.39
"7087",25.39
"7088",25.39
"7089",25.39
"7090",25.39
"7091",25.39
"7092",25.39
"7093",25.39
"7094",25.39
"7095",25.39
"7096",25.39
"7097",25.39
"7098",25.39
"7099",25.39
"7100",25.39
"7101",25.39
"7102",25.39
"7103",25.39
"7104",25.39
"7105",25.39
"7106",25.94
"7107",25.94
"7108",25.94
"7109",25.94
"7110",25.94
"7111",33.76
"7112",22.57
"7113",23.96
"7114",21.96
"7115",26.62
"7116",26.62
"7117",26.62
"7118",26.92
"7119",26.92
"7120",25.26
"7121",22.16
"7122",22.75
"7123",18.02
"7124",27.81
"7125",24.09
"7126",29.16
"7127",25.26
"7128",25.26
"7129",23.63
"7130",23.63
"7131",22.77
"7132",24.49
"7133",30.47
"7134",30.47
"7135",30.47
"7136",30.47
"7137",30.47
"7138",30.47
"7139",30.47
"7140",30.47
"7141",30.47
"7142",30.47
"7143",30.47
"7144",30.47
"7145",30.47
"7146",30.47
"7147",30.47
"7148",30.47
"7149",30.47
"7150",30.47
"7151",30.47
"7152",30.47
"7153",30.47
"7154",30.47
"7155",30.47
"7156",30.47
"7157",30.47
"7158",30.47
"7159",30.47
"7160",30.47
"7161",30.47
"7162",30.47
"7163",30.47
"7164",30.47
"7165",30.47
"7166",30.47
"7167",29.81
"7168",29.81
"7169",29.81
"7170",29.81
"7171",29.81
"7172",29.81
"7173",29.81
"7174",29.81
"7175",29.81
"7176",29.81
"7177",29.81
"7178",29.81
"7179",29.81
"7180",29.81
"7181",29.81
"7182",29.81
"7183",29.81
"7184",29.81
"7185",29.81
"7186",29.81
"7187",29.81
"7188",29.81
"7189",29.81
"7190",29.81
"7191",29.81
"7192",29.81
"7193",29.81
"7194",29.81
"7195",29.81
"7196",29.81
"7197",29.81
"7198",29.81
"7199",29.81
"7200",29.81
"7201",29.81
"7202",29.81
"7203",29.81
"7204",29.81
"7205",29.81
"7206",27.61
"7207",27.61
"7208",27.61
"7209",27.61
"7210",27.61
"7211",28.03
"7212",28.52
"7213",25.51
"7214",26.6
"7215",28.6
"7216",28.6
"7217",28.6
"7218",29.84
"7219",29.84
"7220",29.84
"7221",25.63
"7222",33.16
"7223",28.7
"7224",33.9
"7225",33.9
"7226",33.9
"7227",33.9
"7228",31.15
"7229",31.15
"7230",31.15
"7231",30.78
"7232",47.74
"7233",31.72
"7234",31.15
"7235",31.15
"7236",31.15
"7237",31.15
"7238",31.15
"7239",31.15
"7240",31.15
"7241",31.15
"7242",31.15
"7243",31.15
"7244",31.15
"7245",31.15
"7246",31.15
"7247",31.15
"7248",31.15
"7249",31.15
"7250",31.15
"7251",31.15
"7252",31.15
"7253",31.15
"7254",31.15
"7255",31.15
"7256",31.15
"7257",31.15
"7258",31.15
"7259",31.15
"7260",31.15
"7261",31.15
"7262",31.15
"7263",31.15
"7264",31.15
"7265",31.15
"7266",31.15
"7267",31.15
"7268",31
"7269",31
"7270",31
"7271",31
"7272",31
"7273",31
"7274",31
"7275",31
"7276",31
"7277",31
"7278",31
"7279",31
"7280",31
"7281",31
"7282",31
"7283",31
"7284",31
"7285",31
"7286",31
"7287",31
"7288",31
"7289",31
"7290",31
"7291",31
"7292",31
"7293",31
"7294",31
"7295",31
"7296",31
"7297",31
"7298",31
"7299",31
"7300",31
"7301",31
"7302",31
"7303",31
"7304",31
"7305",31
"7306",30.35
"7307",30.35
"7308",30.35
"7309",30.35
"7310",30.35
"7311",35.7
"7312",35.66
"7313",28.12
"7314",24.43
"7315",25.78
"7316",30.14
"7317",28.95
"7318",28.97
"7319",30.35
"7320",31.5
"7321",35.33
"7322",30.49
"7323",28.24
"7324",28.24
"7325",28.24
"7326",28.24
"7327",28.24
"7328",28.24
"7329",28.24
"7330",28.24
"7331",28.24
"7332",28.24
"7333",28.24
"7334",28.24
"7335",28.24
"7336",28.24
"7337",28.24
"7338",28.24
"7339",28.24
"7340",28.24
"7341",28.24
"7342",28.24
"7343",28.24
"7344",28.24
"7345",28.24
"7346",28.24
"7347",28.24
"7348",28.24
"7349",28.24
"7350",28.24
"7351",28.24
"7352",28.24
"7353",28.24
"7354",28.24
"7355",28.24
"7356",28.24
"7357",28.24
"7358",28.24
"7359",28.24
"7360",28.24
"7361",28.24
"7362",37.34
"7363",37.34
"7364",37.34
"7365",37.34
"7366",37.34
"7367",37.34
"7368",37.34
"7369",37.34
"7370",37.34
"7371",37.34
"7372",37.34
"7373",37.34
"7374",37.34
"7375",37.34
"7376",37.34
"7377",37.34
"7378",37.34
"7379",37.34
"7380",37.34
"7381",37.34
"7382",37.34
"7383",37.34
"7384",37.34
"7385",37.34
"7386",37.34
"7387",37.34
"7388",37.34
"7389",37.34
"7390",37.34
"7391",37.34
"7392",37.34
"7393",37.34
"7394",37.34
"7395",37.34
"7396",37.34
"7397",37.34
"7398",37.34
"7399",37.34
"7400",37.34
"7401",37.34
"7402",37.34
"7403",37.34
"7404",37.34
"7405",37.34
"7406",36.97
"7407",36.97
"7408",36.97
"7409",36.97
"7410",36.97
"7411",36.35
"7412",36.92
"7413",39.45
"7414",39.45
"7415",39.45
"7416",39.45
"7417",41.68
"7418",41.68
"7419",41.68
"7420",41.68
"7421",43.76
"7422",36.92
"7423",36.92
"7424",36.92
"7425",36.92
"7426",36.92
"7427",36.92
"7428",36.92
"7429",36.92
"7430",36.92
"7431",36.92
"7432",36.92
"7433",36.92
"7434",36.92
"7435",36.92
"7436",36.92
"7437",36.92
"7438",36.92
"7439",36.92
"7440",36.92
"7441",36.92
"7442",36.92
"7443",36.92
"7444",36.92
"7445",36.92
"7446",36.92
"7447",36.92
"7448",36.92
"7449",36.92
"7450",36.92
"7451",36.92
"7452",36.92
"7453",36.92
"7454",36.92
"7455",36.92
"7456",36.92
"7457",36.92
"7458",36.92
"7459",36.92
"7460",36.92
"7461",36.92
"7462",23.97
"7463",23.97
"7464",23.97
"7465",23.97
"7466",23.97
"7467",23.97
"7468",23.97
"7469",23.97
"7470",23.97
"7471",23.97
"7472",23.97
"7473",23.97
"7474",23.97
"7475",23.97
"7476",23.97
"7477",23.97
"7478",23.97
"7479",23.97
"7480",23.97
"7481",23.97
"7482",23.97
"7483",23.97
"7484",23.97
"7485",23.97
"7486",23.97
"7487",23.97
"7488",23.97
"7489",23.97
"7490",23.97
"7491",23.97
"7492",23.97
"7493",23.97
"7494",23.97
"7495",23.97
"7496",23.97
"7497",23.97
"7498",23.97
"7499",23.97
"7500",23.97
"7501",23.97
"7502",23.97
"7503",23.97
"7504",23.97
"7505",23.97
"7506",23.46
"7507",23.46
"7508",23.46
"7509",23.46
"7510",23.46
"7511",20.95
"7512",23.57
"7513",27.3
"7514",22.79
"7515",34.12
"7516",26.96
"7517",26.96
"7518",26.96
"7519",23.65
"7520",23.65
"7521",21.81
"7522",25.23
"7523",20.78
"7524",20.78
"7525",20.78
"7526",20.78
"7527",22.03
"7528",22.03
"7529",22.03
"7530",22.03
"7531",23.47
"7532",24.88
"7533",21.24
"7534",22.25
"7535",28.08
"7536",18.07
"7537",18.07
"7538",18.07
"7539",43.19
"7540",43.19
"7541",27.3
"7542",27.3
"7543",43.19
"7544",55.96
"7545",55.96
"7546",55.96
"7547",43.19
"7548",43.19
"7549",43.19
"7550",43.19
"7551",43.19
"7552",43.19
"7553",43.19
"7554",43.19
"7555",43.19
"7556",43.19
"7557",43.19
"7558",43.19
"7559",43.19
"7560",43.19
"7561",43.19
"7562",43.19
"7563",43.19
"7564",43.19
"7565",43.19
"7566",43.19
"7567",43.19
"7568",43.19
"7569",43.19
"7570",43.19
"7571",43.19
"7572",43.19
"7573",43.19
"7574",43.19
"7575",43.19
"7576",43.19
"7577",43.19
"7578",43.19
"7579",43.19
"7580",43.19
"7581",43.19
"7582",43.19
"7583",43.19
"7584",43.19
"7585",43.19
"7586",43.19
"7587",43.19
"7588",43.19
"7589",43.19
"7590",43.19
"7591",43.19
"7592",43.19
"7593",43.19
"7594",43.19
"7595",43.19
"7596",43.19
"7597",43.19
"7598",43.19
"7599",43.19
"7600",43.19
"7601",43.19
"7602",43.19
"7603",43.19
"7604",43.19
"7605",43.19
"7606",43.19
"7607",43.19
"7608",43.19
"7609",43.19
"7610",43.19
"7611",43.19
"7612",43.19
"7613",43.19
"7614",43.19
"7615",43.19
"7616",43.19
"7617",43.19
"7618",43.19
"7619",43.19
"7620",43.19
"7621",43.19
"7622",43.19
"7623",43.19
"7624",43.19
"7625",43.19
"7626",43.19
"7627",43.19
"7628",43.19
"7629",43.19
"7630",43.19
"7631",43.19
"7632",43.19
"7633",43.19
"7634",43.19
"7635",43.19
"7636",43.19
"7637",43.19
"7638",43.19
"7639",43.19
"7640",43.19
"7641",43.19
"7642",43.19
"7643",43.19
"7644",43.19
"7645",43.19
"7646",43.19
"7647",43.19
"7648",43.19
"7649",43.19
"7650",43.19
"7651",43.19
"7652",43.19
"7653",43.19
"7654",43.19
"7655",43.19
"7656",43.19
"7657",43.19
"7658",43.19
"7659",43.19
"7660",43.19
"7661",43.19
"7662",43.19
"7663",43.19
"7664",43.19
"7665",43.19
"7666",43.19
"7667",43.19
"7668",43.19
"7669",43.19
"7670",43.19
"7671",43.19
"7672",43.19
"7673",43.19
"7674",43.19
"7675",43.19
"7676",43.19
"7677",43.19
"7678",43.19
"7679",43.19
"7680",43.19
"7681",43.19
"7682",43.19
"7683",43.19
"7684",43.19
"7685",43.19
"7686",43.19
"7687",43.19
"7688",43.19
"7689",43.19
"7690",43.19
"7691",43.19
"7692",43.19
"7693",43.19
"7694",43.19
"7695",43.19
"7696",43.19
"7697",43.19
"7698",43.19
"7699",43.19
"7700",43.19
"7701",43.19
"7702",43.19
"7703",43.19
"7704",43.19
"7705",43.19
"7706",43.19
"7707",43.19
"7708",43.19
"7709",43.19
"7710",43.19
"7711",43.19
"7712",43.19
"7713",43.19
"7714",43.19
"7715",43.19
"7716",43.19
"7717",43.19
"7718",43.19
"7719",43.19
"7720",43.19
"7721",43.19
"7722",43.19
"7723",43.19
"7724",43.19
"7725",43.19
"7726",43.19
"7727",43.19
"7728",43.19
"7729",43.19
"7730",43.19
"7731",43.19
"7732",43.19
"7733",43.19
"7734",43.19
"7735",43.19
"7736",43.19
"7737",43.19
"7738",43.19
"7739",43.19
"7740",43.19
"7741",43.19
"7742",43.19
"7743",43.19
"7744",43.19
"7745",43.19
"7746",43.19
"7747",43.19
"7748",43.19
"7749",43.19
"7750",43.19
"7751",43.19
"7752",43.19
"7753",43.19
"7754",43.19
"7755",43.19
"7756",43.19
"7757",43.19
"7758",43.19
"7759",43.19
"7760",43.19
"7761",43.19
"7762",43.19
"7763",43.19
"7764",43.19
"7765",43.19
"7766",43.19
"7767",43.19
"7768",43.19
"7769",43.19
"7770",43.19
"7771",43.19
"7772",43.19
"7773",43.19
"7774",43.19
"7775",25.45
"7776",25.45
"7777",25.45
"7778",25.45
"7779",25.45
"7780",25.45
"7781",25.45
"7782",25.45
"7783",25.45
"7784",25.45
"7785",25.45
"7786",25.45
"7787",25.45
"7788",25.45
"7789",25.45
"7790",25.45
"7791",25.45
"7792",25.45
"7793",25.45
"7794",25.45
"7795",25.45
"7796",25.45
"7797",25.45
"7798",25.45
"7799",25.45
"7800",25.45
"7801",25.45
"7802",25.45
"7803",25.45
"7804",25.45
"7805",25.45
"7806",25.45
"7807",25.45
"7808",25.45
"7809",25.45
"7810",25.45
"7811",25.45
"7812",25.45
"7813",25.45
"7814",25.45
"7815",25.45
"7816",25.45
"7817",25.45
"7818",25.45
"7819",25.45
"7820",25.45
"7821",25.45
"7822",25.45
"7823",25.45
"7824",25.45
"7825",25.45
"7826",25.45
"7827",25.45
"7828",25.45
"7829",25.45
"7830",25.45
"7831",25.45
"7832",25.45
"7833",25.45
"7834",25.45
"7835",25.45
"7836",25.45
"7837",25.45
"7838",25.45
"7839",25.45
"7840",25.45
"7841",25.45
"7842",25.45
"7843",25.45
"7844",25.45
"7845",25.45
"7846",25.45
"7847",25.45
"7848",25.45
"7849",25.45
"7850",25.45
"7851",25.45
"7852",25.45
"7853",25.45
"7854",25.45
"7855",25.45
"7856",25.45
"7857",25.45
"7858",25.45
"7859",25.45
"7860",25.45
"7861",25.45
"7862",25.45
"7863",25.45
"7864",25.45
"7865",25.45
"7866",25.45
"7867",25.45
"7868",25.45
"7869",25.45
"7870",25.45
"7871",25.45
"7872",25.45
"7873",25.45
"7874",25.45
"7875",25.45
"7876",25.45
"7877",25.45
"7878",25.45
"7879",25.45
"7880",25.45
"7881",25.45
"7882",25.45
"7883",25.45
"7884",25.45
"7885",25.45
"7886",25.45
"7887",25.45
"7888",25.45
"7889",25.45
"7890",25.45
"7891",25.45
"7892",25.45
"7893",25.45
"7894",25.45
"7895",25.45
"7896",25.45
"7897",25.45
"7898",25.45
"7899",25.45
"7900",25.45
"7901",25.45
"7902",25.45
"7903",25.45
"7904",25.45
"7905",25.45
"7906",25.45
"7907",25.45
"7908",25.45
"7909",25.45
"7910",25.45
"7911",25.45
"7912",25.45
"7913",25.45
"7914",25.45
"7915",25.45
"7916",25.45
"7917",25.45
"7918",25.45
"7919",25.45
"7920",25.45
"7921",25.45
"7922",25.45
"7923",25.45
"7924",25.45
"7925",25.45
"7926",25.45
"7927",25.45
"7928",25.45
"7929",25.45
"7930",25.45
"7931",25.45
"7932",25.45
"7933",25.45
"7934",25.45
"7935",25.45
"7936",25.45
"7937",25.45
"7938",25.45
"7939",25.45
"7940",25.45
"7941",25.45
"7942",25.45
"7943",25.45
"7944",25.45
"7945",25.45
"7946",25.45
"7947",25.45
"7948",25.45
"7949",25.45
"7950",25.45
"7951",25.45
"7952",25.45
"7953",25.45
"7954",25.45
"7955",25.45
"7956",25.45
"7957",25.45
"7958",25.45
"7959",25.45
"7960",25.45
"7961",25.45
"7962",25.45
"7963",25.45
"7964",25.45
"7965",25.45
"7966",25.45
"7967",25.45
"7968",25.45
"7969",25.45
"7970",25.45
"7971",25.45
"7972",25.45
"7973",25.45
"7974",25.45
"7975",25.45
"7976",25.45
"7977",25.45
"7978",25.45
"7979",25.45
"7980",25.45
"7981",25.45
"7982",25.45
"7983",25.45
"7984",25.45
"7985",25.45
"7986",25.45
"7987",25.45
"7988",25.45
"7989",25.45
"7990",25.45
"7991",25.45
"7992",25.45
"7993",25.45
"7994",25.45
"7995",25.45
"7996",25.45
"7997",25.45
"7998",25.45
"7999",25.45
"8000",25.45
"8001",25.45
"8002",25.45
"8003",25.45
"8004",25.45
"8005",25.45
"8006",25.45
"8007",25.45
"8008",25.45
"8009",25.45
"8010",25.45
"8011",25.45
"8012",25.45
"8013",25.45
"8014",25.45
"8015",25.45
"8016",25.45
"8017",25.45
"8018",25.45
"8019",25.45
"8020",25.45
"8021",25.45
"8022",25.45
"8023",25.45
"8024",25.45
"8025",25.45
"8026",25.45
"8027",25.45
"8028",25.45
"8029",25.45
"8030",25.45
"8031",25.45
"8032",25.45
"8033",25.45
"8034",25.45
"8035",25.45
"8036",25.45
"8037",25.45
"8038",25.45
"8039",25.45
"8040",25.45
"8041",25.45
"8042",25.45
"8043",25.45
"8044",25.45
"8045",25.45
"8046",25.45
"8047",25.45
"8048",25.45
"8049",25.45
"8050",25.45
"8051",23.41
"8052",23.41
"8053",23.41
"8054",23.41
"8055",23.41
"8056",23.41
"8057",23.41
"8058",23.41
"8059",23.41
"8060",23.41
"8061",23.41
"8062",23.41
"8063",23.41
"8064",23.41
"8065",23.41
"8066",23.41
"8067",23.41
"8068",23.41
"8069",23.41
"8070",23.41
"8071",23.41
"8072",23.41
"8073",23.41
"8074",23.41
"8075",23.41
"8076",23.41
"8077",23.41
"8078",23.41
"8079",23.41
"8080",23.41
"8081",23.41
"8082",23.41
"8083",23.41
"8084",23.41
"8085",23.41
"8086",23.41
"8087",23.41
"8088",23.41
"8089",23.41
"8090",23.41
"8091",23.41
"8092",23.41
"8093",23.41
"8094",23.41
"8095",23.41
"8096",23.41
"8097",23.41
"8098",23.41
"8099",23.41
"8100",23.41
"8101",23.41
"8102",23.41
"8103",23.41
"8104",23.41
"8105",23.41
"8106",31.44
"8107",31.44
"8108",31.44
"8109",31.44
"8110",31.44
"8111",35.07
"8112",25.11
"8113",35.82
"8114",26.13
"8115",26.13
"8116",26.13
"8117",26.13
"8118",25.91
"8119",25.91
"8120",25.91
"8121",30.32
"8122",22.36
"8123",22.36
"8124",22.36
"8125",22.36
"8126",22.36
"8127",29.3
"8128",29.3
"8129",29.3
"8130",29.3
"8131",29.14
"8132",31.34
"8133",31.34
"8134",31.34
"8135",31.34
"8136",31.34
"8137",25.49
"8138",25.49
"8139",25.49
"8140",25.49
"8141",23.09
"8142",24.85
"8143",32.67
"8144",32.67
"8145",32.67
"8146",32.67
"8147",16.8
"8148",16.8
"8149",16.8
"8150",16.8
"8151",17.85
"8152",18.03
"8153",13.24
"8154",16.08
"8155",20.35
"8156",20.35
"8157",16.8
"8158",16.8
"8159",21.2
"8160",18.13
"8161",18.13
"8162",18.13
"8163",18.13
"8164",18.13
"8165",18.13
"8166",22.4
"8167",22.4
"8168",22.4
"8169",22.4
"8170",22.4
"8171",27.25
"8172",19.08
"8173",19.08
"8174",19.08
"8175",19.08
"8176",19.08
"8177",24.15
"8178",24.15
"8179",24.15
"8180",24.15
"8181",21.13
"8182",23.19
"8183",24.15
"8184",24.15
"8185",24.15
"8186",24.15
"8187",24.16
"8188",24.16
"8189",24.16
"8190",24.16
"8191",24.16
"8192",24.16
"8193",24.16
"8194",24.16
"8195",24.93
"8196",24.93
"8197",24.93
"8198",24.93
"8199",24.93
"8200",24.93
"8201",24.93
"8202",24.93
"8203",24.93
"8204",24.93
"8205",24.93
"8206",24.93
"8207",24.93
"8208",24.93
"8209",24.93
"8210",24.93
"8211",27.91
"8212",23.88
"8213",23.88
"8214",23.88
"8215",23.88
"8216",24.68
"8217",24.68
"8218",24.68
"8219",24.68
"8220",24.68
"8221",24.68
"8222",24.68
"8223",24.68
"8224",24.68
"8225",24.68
"8226",24.68
"8227",24.68
"8228",24.68
"8229",24.68
"8230",24.68
"8231",24.68
"8232",24.68
"8233",24.68
"8234",24.68
"8235",24.68
"8236",24.68
"8237",24.68
"8238",24.68
"8239",24.68
"8240",24.68
"8241",24.68
"8242",24.68
"8243",24.68
"8244",24.68
"8245",24.68
"8246",24.68
"8247",24.68
"8248",24.68
"8249",24.68
"8250",24.68
"8251",24.68
"8252",24.68
"8253",24.68
"8254",24.68
"8255",24.68
"8256",24.68
"8257",24.68
"8258",24.68
"8259",24.68
"8260",26.8
"8261",26.8
"8262",26.8
"8263",26.8
"8264",26.8
"8265",26.8
"8266",26.8
"8267",26.8
"8268",26.8
"8269",26.8
"8270",26.8
"8271",26.8
"8272",26.8
"8273",26.8
"8274",26.8
"8275",26.8
"8276",26.8
"8277",26.8
"8278",26.8
"8279",26.8
"8280",26.8
"8281",26.8
"8282",26.8
"8283",26.8
"8284",26.8
"8285",26.8
"8286",26.8
"8287",26.8
"8288",26.8
"8289",26.8
"8290",26.8
"8291",26.8
"8292",26.8
"8293",26.8
"8294",26.8
"8295",26.8
"8296",26.8
"8297",26.8
"8298",26.8
"8299",26.8
"8300",26.8
"8301",26.8
"8302",26.8
"8303",26.8
"8304",26.8
"8305",26.8
"8306",38.8
"8307",38.8
"8308",38.8
"8309",38.8
"8310",38.8
"8311",45.76
"8312",29.8
"8313",29.8
"8314",29.8
"8315",29.8
"8316",29.8
"8317",30.11
"8318",30.11
"8319",30.11
"8320",30.11
"8321",28.48
"8322",30.34
"8323",30.34
"8324",30.34
"8325",30.34
"8326",30.34
"8327",25.71
"8328",25.71
"8329",25.71
"8330",25.71
"8331",26.85
"8332",25.95
"8333",25.95
"8334",25.95
"8335",25.95
"8336",25.95
"8337",21.08
"8338",21.08
"8339",21.08
"8340",21.08
"8341",13.34
"8342",24.45
"8343",24.8
"8344",18.08
"8345",18.08
"8346",18.08
"8347",18.08
"8348",37.92
"8349",37.92
"8350",37.92
"8351",37.92
"8352",37.92
"8353",37.92
"8354",37.92
"8355",37.92
"8356",37.92
"8357",37.92
"8358",37.92
"8359",37.92
"8360",37.92
"8361",37.92
"8362",37.92
"8363",37.92
"8364",37.92
"8365",37.92
"8366",37.92
"8367",37.92
"8368",37.92
"8369",37.92
"8370",37.92
"8371",37.92
"8372",37.92
"8373",37.92
"8374",37.92
"8375",37.92
"8376",37.92
"8377",37.92
"8378",37.92
"8379",37.92
"8380",37.92
"8381",37.92
"8382",37.92
"8383",37.92
"8384",37.92
"8385",37.92
"8386",37.92
"8387",37.92
"8388",37.92
"8389",37.92
"8390",37.92
"8391",37.92
"8392",37.92
"8393",37.92
"8394",37.92
"8395",37.92
"8396",37.92
"8397",37.92
"8398",37.92
"8399",37.92
"8400",37.92
"8401",37.92
"8402",37.92
"8403",37.92
"8404",37.92
"8405",37.92
"8406",37.92
"8407",37.92
"8408",37.92
"8409",37.92
"8410",37.92
"8411",37.92
"8412",37.92
"8413",37.92
"8414",37.92
"8415",37.92
"8416",37.92
"8417",37.92
"8418",37.92
"8419",37.92
"8420",37.92
"8421",37.92
"8422",37.92
"8423",37.92
"8424",37.92
"8425",37.92
"8426",37.92
"8427",37.92
"8428",37.92
"8429",37.92
"8430",37.92
"8431",37.92
"8432",37.92
"8433",37.92
"8434",37.92
"8435",37.92
"8436",37.92
"8437",37.92
"8438",37.92
"8439",37.92
"8440",37.92
"8441",37.92
"8442",37.92
"8443",37.92
"8444",37.92
"8445",37.92
"8446",37.92
"8447",37.92
"8448",37.92
"8449",37.92
"8450",37.92
"8451",37.92
"8452",37.92
"8453",37.92
"8454",37.92
"8455",37.92
"8456",37.92
"8457",37.92
"8458",37.92
"8459",37.92
"8460",37.92
"8461",37.92
"8462",37.92
"8463",37.92
"8464",37.92
"8465",37.92
"8466",37.92
"8467",37.92
"8468",37.92
"8469",37.92
"8470",37.92
"8471",37.92
"8472",37.92
"8473",37.92
"8474",37.92
"8475",37.92
"8476",37.92
"8477",37.92
"8478",37.92
"8479",37.92
"8480",37.92
"8481",37.92
"8482",37.92
"8483",37.92
"8484",37.92
"8485",37.92
"8486",37.92
"8487",37.92
"8488",37.92
"8489",37.92
"8490",37.92
"8491",37.92
"8492",37.92
"8493",37.92
"8494",37.92
"8495",37.92
"8496",37.92
"8497",37.92
"8498",37.92
"8499",37.92
"8500",37.92
"8501",37.92
"8502",37.92
"8503",37.92
"8504",37.92
"8505",37.92
"8506",37.92
"8507",37.92
"8508",37.92
"8509",37.92
"8510",37.92
"8511",37.92
"8512",37.92
"8513",37.92
"8514",37.92
"8515",37.92
"8516",37.92
"8517",37.92
"8518",37.92
"8519",37.92
"8520",37.92
"8521",37.92
"8522",37.92
"8523",37.92
"8524",37.92
"8525",37.92
"8526",37.92
"8527",37.92
"8528",37.92
"8529",37.92
"8530",37.92
"8531",37.92
"8532",37.92
"8533",37.92
"8534",37.92
"8535",37.92
"8536",37.92
"8537",37.92
"8538",37.92
"8539",37.92
"8540",37.92
"8541",37.92
"8542",37.92
"8543",37.92
"8544",37.92
"8545",37.92
"8546",37.92
"8547",37.92
"8548",37.92
"8549",37.92
"8550",37.92
"8551",37.92
"8552",37.92
"8553",37.92
"8554",37.92
"8555",37.92
"8556",37.92
"8557",37.92
"8558",37.92
"8559",37.92
"8560",37.92
"8561",37.92
"8562",37.92
"8563",37.92
"8564",37.92
"8565",37.92
"8566",37.92
"8567",37.92
"8568",37.92
"8569",37.92
"8570",37.92
"8571",37.92
"8572",37.92
"8573",37.92
"8574",37.92
"8575",37.92
"8576",37.92
"8577",37.92
"8578",37.92
"8579",37.92
"8580",37.92
"8581",37.92
"8582",37.92
"8583",37.92
"8584",37.92
"8585",37.92
"8586",37.92
"8587",37.92
"8588",37.92
"8589",37.92
"8590",37.92
"8591",37.92
"8592",37.92
"8593",37.92
"8594",37.92
"8595",37.92
"8596",37.92
"8597",37.92
"8598",37.92
"8599",37.92
"8600",37.92
"8601",37.92
"8602",37.92
"8603",37.92
"8604",37.92
"8605",37.92
"8606",37.92
"8607",37.92
"8608",37.92
"8609",37.92
"8610",37.92
"8611",37.92
"8612",37.92
"8613",37.92
"8614",37.92
"8615",37.92
"8616",37.92
"8617",37.92
"8618",37.92
"8619",37.92
"8620",37.92
"8621",37.92
"8622",37.92
"8623",37.92
"8624",37.92
"8625",37.92
"8626",37.92
"8627",37.92
"8628",37.92
"8629",37.92
"8630",37.92
"8631",37.92
"8632",37.92
"8633",37.92
"8634",37.92
"8635",37.92
"8636",37.92
"8637",37.92
"8638",37.92
"8639",37.92
"8640",37.92
"8641",37.92
"8642",37.92
"8643",37.92
"8644",37.92
"8645",37.92
"8646",37.92
"8647",37.92
"8648",37.92
"8649",37.92
"8650",37.92
"8651",37.92
"8652",37.92
"8653",37.92
"8654",37.92
"8655",37.92
"8656",37.92
"8657",37.92
"8658",37.92
"8659",37.92
"8660",37.92
"8661",37.92
"8662",37.92
"8663",37.92
"8664",37.92
"8665",37.92
"8666",37.92
"8667",37.92
"8668",37.92
"8669",37.92
"8670",37.92
"8671",37.92
"8672",37.92
"8673",37.92
"8674",37.92
"8675",37.92
"8676",16.5
"8677",16.5
"8678",16.5
"8679",16.5
"8680",16.5
"8681",16.5
"8682",16.5
"8683",16.5
"8684",16.5
"8685",16.5
"8686",16.5
"8687",16.5
"8688",16.5
"8689",16.5
"8690",16.5
"8691",16.5
"8692",16.5
"8693",16.5
"8694",16.5
"8695",16.5
"8696",16.5
"8697",16.5
"8698",16.5
"8699",16.5
"8700",16.5
"8701",16.5
"8702",16.5
"8703",16.5
"8704",16.5
"8705",16.5
"8706",16.5
"8707",16.5
"8708",16.5
"8709",16.5
"8710",16.5
"8711",16.5
"8712",16.5
"8713",16.5
"8714",16.5
"8715",16.5
"8716",16.5
"8717",16.5
"8718",16.5
"8719",16.5
"8720",16.5
"8721",16.5
"8722",16.5
"8723",16.5
"8724",16.5
"8725",16.5
"8726",16.5
"8727",16.5
"8728",16.5
"8729",16.5
"8730",16.5
"8731",16.5
"8732",16.5
"8733",16.5
"8734",16.5
"8735",16.5
"8736",16.5
"8737",16.5
"8738",16.5
"8739",16.5
"8740",16.5
"8741",16.5
"8742",16.5
"8743",16.5
"8744",16.5
"8745",16.5
"8746",16.5
"8747",16.5
"8748",16.5
"8749",16.5
"8750",16.5
"8751",16.5
"8752",16.5
"8753",16.5
"8754",16.5
"8755",16.5
"8756",16.5
"8757",16.5
"8758",16.5
"8759",16.5
"8760",16.5
"8761",16.5
"8762",16.5
"8763",16.5
"8764",16.5
"8765",16.5
"8766",16.5
"8767",16.5
"8768",16.5
"8769",16.5
"8770",16.5
"8771",16.5
"8772",16.5
"8773",16.5
"8774",16.5
"8775",16.5
"8776",16.5
"8777",16.5
"8778",16.5
"8779",16.5
"8780",16.5
"8781",16.5
"8782",16.5
"8783",16.5
"8784",16.5
"8785",16.5
"8786",16.5
"8787",16.5
"8788",16.5
"8789",16.5
"8790",16.5
"8791",16.5
"8792",16.5
"8793",16.5
"8794",16.5
"8795",16.5
"8796",16.5
"8797",16.5
"8798",16.5
"8799",16.5
"8800",16.5
"8801",16.5
"8802",16.5
"8803",16.5
"8804",16.5
"8805",16.5
"8806",16.5
"8807",16.5
"8808",16.5
"8809",16.5
"8810",16.5
"8811",16.5
"8812",16.5
"8813",16.5
"8814",16.5
"8815",16.5
"8816",16.5
"8817",16.5
"8818",16.5
"8819",16.5
"8820",16.5
"8821",16.5
"8822",16.5
"8823",16.5
"8824",16.5
"8825",16.5
"8826",16.5
"8827",16.5
"8828",16.5
"8829",16.5
"8830",16.5
"8831",16.5
"8832",16.5
"8833",16.5
"8834",16.5
"8835",16.5
"8836",16.5
"8837",16.5
"8838",16.5
"8839",16.5
"8840",16.5
"8841",16.5
"8842",16.5
"8843",16.5
"8844",16.5
"8845",16.5
"8846",16.5
"8847",16.5
"8848",16.5
"8849",16.5
"8850",16.5
"8851",16.5
"8852",16.5
"8853",16.5
"8854",16.5
"8855",16.5
"8856",16.5
"8857",16.5
"8858",16.5
"8859",16.5
"8860",16.5
"8861",16.5
"8862",16.5
"8863",16.5
"8864",16.5
"8865",16.5
"8866",16.5
"8867",16.5
"8868",16.5
"8869",16.5
"8870",16.5
"8871",16.5
"8872",16.5
"8873",16.5
"8874",16.5
"8875",16.5
"8876",16.5
"8877",16.5
"8878",16.5
"8879",16.5
"8880",16.5
"8881",16.5
"8882",16.5
"8883",16.5
"8884",16.5
"8885",16.5
"8886",16.5
"8887",16.5
"8888",16.5
"8889",16.5
"8890",16.5
"8891",16.5
"8892",16.5
"8893",16.5
"8894",16.5
"8895",16.5
"8896",16.5
"8897",16.5
"8898",16.5
"8899",16.5
"8900",16.5
"8901",16.5
"8902",16.5
"8903",16.5
"8904",16.5
"8905",16.5
"8906",16.5
"8907",16.5
"8908",16.5
"8909",16.5
"8910",16.5
"8911",16.5
"8912",16.5
"8913",16.5
"8914",16.5
"8915",16.5
"8916",16.5
"8917",16.5
"8918",16.5
"8919",16.5
"8920",16.5
"8921",16.5
"8922",16.5
"8923",16.5
"8924",16.5
"8925",16.5
"8926",16.5
"8927",16.5
"8928",16.5
"8929",16.5
"8930",16.5
"8931",16.5
"8932",16.5
"8933",16.5
"8934",16.5
"8935",16.5
"8936",16.5
"8937",16.5
"8938",16.5
"8939",16.5
"8940",16.5
"8941",16.5
"8942",16.5
"8943",16.5
"8944",16.5
"8945",16.5
"8946",16.5
"8947",16.5
"8948",16.5
"8949",16.5
"8950",16.5
"8951",16.5
"8952",16.5
"8953",16.5
"8954",16.5
"8955",16.5
"8956",16.5
"8957",16.5
"8958",16.5
"8959",16.5
"8960",16.5
"8961",16.5
"8962",16.5
"8963",16.5
"8964",16.5
"8965",16.5
"8966",16.5
"8967",16.5
"8968",16.5
"8969",16.5
"8970",16.5
"8971",16.5
"8972",16.5
"8973",16.5
"8974",16.5
"8975",16.5
"8976",16.5
"8977",16.5
"8978",16.5
"8979",16.5
"8980",16.5
"8981",16.5
"8982",16.5
"8983",16.5
"8984",16.5
"8985",16.5
"8986",16.5
"8987",16.5
"8988",16.5
"8989",16.5
"8990",16.5
"8991",16.5
"8992",16.5
"8993",16.5
"8994",16.5
"8995",16.5
"8996",16.5
"8997",16.5
"8998",16.5
"8999",16.5
"9000",16.5
"9001",16.5
"9002",16.5
"9003",16.5
"9004",16.5
"9005",16.5
"9006",16.5
"9007",16.5
"9008",16.5
"9009",16.5
"9010",16.5
"9011",16.5
"9012",16.5
"9013",16.5
"9014",16.5
"9015",16.5
"9016",16.5
"9017",16.5
"9018",16.5
"9019",16.5
"9020",16.5
"9021",16.5
"9022",16.5
"9023",16.5
"9024",16.5
"9025",16.5
"9026",16.5
"9027",16.5
"9028",16.5
"9029",16.5
"9030",16.5
"9031",16.5
"9032",16.5
"9033",16.5
"9034",16.5
"9035",16.5
"9036",16.5
"9037",16.5
"9038",16.5
"9039",16.5
"9040",16.5
"9041",16.5
"9042",16.5
"9043",16.5
"9044",16.5
"9045",16.5
"9046",16.5
"9047",16.5
"9048",16.5
"9049",16.5
"9050",16.5
"9051",14.64
"9052",14.64
"9053",14.64
"9054",14.64
"9055",14.64
"9056",14.64
"9057",14.64
"9058",14.64
"9059",14.64
"9060",14.64
"9061",14.64
"9062",14.64
"9063",14.64
"9064",14.64
"9065",14.64
"9066",14.64
"9067",14.64
"9068",14.64
"9069",14.64
"9070",14.64
"9071",14.64
"9072",14.64
"9073",14.64
"9074",14.64
"9075",14.64
"9076",14.64
"9077",14.64
"9078",14.64
"9079",14.64
"9080",14.64
"9081",14.64
"9082",14.64
"9083",14.64
"9084",14.64
"9085",14.64
"9086",14.64
"9087",14.64
"9088",14.64
"9089",14.64
"9090",14.64
"9091",14.64
"9092",14.64
"9093",14.64
"9094",14.64
"9095",14.64
"9096",14.64
"9097",14.64
"9098",14.64
"9099",14.64
"9100",14.64
"9101",14.64
"9102",14.64
"9103",14.64
"9104",14.64
"9105",14.64
"9106",14.64
"9107",14.64
"9108",14.64
"9109",14.64
"9110",14.64
"9111",16.38
"9112",14.21
"9113",14.21
"9114",14.21
"9115",14.21
"9116",14.21
"9117",14.57
"9118",14.57
"9119",14.57
"9120",14.57
"9121",14.82
"9122",14.57
"9123",14.57
"9124",14.57
"9125",14.57
"9126",14.57
"9127",14.57
"9128",14.57
"9129",14.57
"9130",14.57
"9131",14.57
"9132",14.57
"9133",14.57
"9134",14.57
"9135",14.57
"9136",14.57
"9137",14.57
"9138",14.57
"9139",14.57
"9140",14.57
"9141",14.57
"9142",14.57
"9143",14.57
"9144",14.57
"9145",14.57
"9146",14.57
"9147",14.57
"9148",14.57
"9149",14.57
"9150",14.57
"9151",14.57
"9152",14.57
"9153",14.57
"9154",14.57
"9155",14.57
"9156",14.57
"9157",14.57
"9158",14.57
"9159",14.57
"9160",14.57
"9161",14.57
"9162",14.57
"9163",14.57
"9164",14.57
"9165",11.87
"9166",11.87
"9167",11.87
"9168",11.87
"9169",11.87
"9170",11.87
"9171",11.87
"9172",11.87
"9173",11.87
"9174",11.87
"9175",11.87
"9176",11.87
"9177",11.87
"9178",11.87
"9179",11.87
"9180",11.87
"9181",11.87
"9182",11.87
"9183",11.87
"9184",11.87
"9185",11.87
"9186",11.87
"9187",11.87
"9188",11.87
"9189",11.87
"9190",11.87
"9191",11.87
"9192",11.87
"9193",11.87
"9194",11.87
"9195",11.87
"9196",11.87
"9197",11.87
"9198",11.87
"9199",11.87
"9200",11.87
"9201",11.87
"9202",11.87
"9203",11.87
"9204",11.87
"9205",11.87
"9206",11.74
"9207",11.74
"9208",11.74
"9209",11.74
"9210",11.74
"9211",11.74
"9212",11.74
"9213",11.74
"9214",11.74
"9215",12.01
"9216",12.34
"9217",12.34
"9218",12.34
"9219",12.34
"9220",12.34
"9221",12.34
"9222",12.34
"9223",12.34
"9224",12.34
"9225",12.34
"9226",12.34
"9227",12.34
"9228",12.34
"9229",12.34
"9230",12.34
"9231",12.34
"9232",12.34
"9233",12.34
"9234",12.34
"9235",12.34
"9236",12.34
"9237",12.34
"9238",12.34
"9239",12.34
"9240",12.34
"9241",12.34
"9242",12.34
"9243",12.34
"9244",12.34
"9245",12.34
"9246",12.34
"9247",12.34
"9248",12.34
"9249",12.34
"9250",12.34
"9251",12.34
"9252",12.34
"9253",12.34
"9254",12.34
"9255",12.34
"9256",12.34
"9257",12.34
"9258",12.34
"9259",17.53
"9260",17.53
"9261",17.53
"9262",17.53
"9263",17.53
"9264",17.53
"9265",17.53
"9266",17.53
"9267",17.53
"9268",17.53
"9269",17.53
"9270",17.53
"9271",17.53
"9272",17.53
"9273",17.53
"9274",17.53
"9275",17.53
"9276",17.53
"9277",17.53
"9278",17.53
"9279",17.53
"9280",17.53
"9281",17.53
"9282",17.53
"9283",17.53
"9284",17.53
"9285",17.53
"9286",17.53
"9287",17.53
"9288",17.53
"9289",17.53
"9290",17.53
"9291",17.53
"9292",17.53
"9293",17.53
"9294",17.53
"9295",17.53
"9296",17.53
"9297",17.53
"9298",17.53
"9299",17.53
"9300",17.53
"9301",17.53
"9302",17.53
"9303",17.53
"9304",17.53
"9305",17.53
"9306",16.39
"9307",16.39
"9308",16.39
"9309",16.39
"9310",16.39
"9311",15.35
"9312",17.56
"9313",15.35
"9314",15.35
"9315",15.35
"9316",15.35
"9317",17.55
"9318",17.55
"9319",17.55
"9320",17.55
"9321",17.55
"9322",17.55
"9323",17.55
"9324",17.55
"9325",17.55
"9326",16.36
"9327",16.36
"9328",16.36
"9329",16.36
"9330",19.66
"9331",20.27
"9332",16.89
"9333",17.69
"9334",19.66
"9335",19.66
"9336",19.66
"9337",19.66
"9338",19.66
"9339",19.66
"9340",19.66
"9341",19.66
"9342",19.66
"9343",19.66
"9344",19.66
"9345",19.66
"9346",19.66
"9347",19.66
"9348",19.66
"9349",19.66
"9350",19.66
"9351",19.66
"9352",19.66
"9353",19.66
"9354",19.66
"9355",19.66
"9356",19.66
"9357",19.66
"9358",19.66
"9359",19.66
"9360",19.66
"9361",19.66
"9362",19.66
"9363",19.66
"9364",19.66
"9365",19.66
"9366",19.66
"9367",19.66
"9368",16.5
"9369",16.5
"9370",16.5
"9371",16.5
"9372",16.5
"9373",16.5
"9374",16.5
"9375",16.5
"9376",16.5
"9377",16.5
"9378",16.5
"9379",16.5
"9380",16.5
"9381",16.5
"9382",16.5
"9383",16.5
"9384",16.5
"9385",16.5
"9386",16.5
"9387",16.5
"9388",16.5
"9389",16.5
"9390",16.5
"9391",16.5
"9392",16.5
"9393",16.5
"9394",16.5
"9395",16.5
"9396",16.5
"9397",16.5
"9398",16.5
"9399",16.5
"9400",16.5
"9401",16.5
"9402",16.5
"9403",16.5
"9404",16.5
"9405",16.5
"9406",16.5
"9407",16.5
"9408",16.5
"9409",16.5
"9410",16.5
"9411",16.5
"9412",16.5
"9413",16.5
"9414",16.5
"9415",16.5
"9416",16.5
"9417",16.5
"9418",16.5
"9419",16.5
"9420",16.5
"9421",16.5
"9422",16.5
"9423",16.5
"9424",16.5
"9425",16.5
"9426",16.5
"9427",16.5
"9428",16.5
"9429",16.5
"9430",16.5
"9431",16.5
"9432",16.5
"9433",16.5
"9434",16.5
"9435",16.5
"9436",16.5
"9437",16.5
"9438",16.5
"9439",16.5
"9440",16.5
"9441",16.5
"9442",16.5
"9443",16.5
"9444",16.5
"9445",16.5
"9446",16.5
"9447",16.5
"9448",16.5
"9449",16.5
"9450",16.5
"9451",16.5
"9452",16.5
"9453",16.5
"9454",16.5
"9455",16.5
"9456",16.5
"9457",23.43
"9458",23.43
"9459",23.43
"9460",23.43
"9461",23.43
"9462",23.43
"9463",23.43
"9464",23.43
"9465",23.43
"9466",23.43
"9467",23.43
"9468",23.43
"9469",23.43
"9470",23.43
"9471",23.43
"9472",23.43
"9473",23.43
"9474",23.43
"9475",23.43
"9476",23.43
"9477",23.43
"9478",23.43
"9479",23.43
"9480",23.43
"9481",23.43
"9482",23.43
"9483",23.43
"9484",23.43
"9485",23.43
"9486",23.43
"9487",23.43
"9488",23.43
"9489",23.43
"9490",23.43
"9491",23.43
"9492",23.43
"9493",23.43
"9494",23.43
"9495",23.43
"9496",23.43
"9497",23.43
"9498",23.43
"9499",23.43
"9500",23.43
"9501",23.43
"9502",23.43
"9503",23.43
"9504",23.43
"9505",23.43
"9506",13.72
"9507",13.72
"9508",13.72
"9509",13.72
"9510",13.72
"9511",13.72
"9512",13.72
"9513",13.72
"9514",13.72
"9515",13.72
"9516",25.2
"9517",25.2
"9518",25.2
"9519",25.2
"9520",25.2
"9521",25.2
"9522",25.2
"9523",25.2
"9524",25.2
"9525",25.2
"9526",25.2
"9527",25.2
"9528",25.2
"9529",25.2
"9530",25.2
"9531",25.2
"9532",25.2
"9533",25.2
"9534",25.2
"9535",25.2
"9536",25.2
"9537",25.2
"9538",25.2
"9539",25.2
"9540",25.2
"9541",25.2
"9542",25.2
"9543",25.2
"9544",25.2
"9545",25.2
"9546",25.2
"9547",25.2
"9548",25.2
"9549",25.2
"9550",25.2
"9551",25.2
"9552",25.2
"9553",25.2
"9554",25.2
"9555",25.2
"9556",25.2
"9557",25.2
"9558",25.2
"9559",25.2
"9560",25.2
"9561",24.07
"9562",24.07
"9563",24.07
"9564",24.07
"9565",24.07
"9566",24.07
"9567",24.07
"9568",24.07
"9569",24.07
"9570",24.07
"9571",24.07
"9572",24.07
"9573",24.07
"9574",24.07
"9575",24.07
"9576",24.07
"9577",24.07
"9578",24.07
"9579",24.07
"9580",24.07
"9581",24.07
"9582",24.07
"9583",24.07
"9584",24.07
"9585",24.07
"9586",24.07
"9587",24.07
"9588",24.07
"9589",24.07
"9590",24.07
"9591",24.07
"9592",24.07
"9593",24.07
"9594",24.07
"9595",24.07
"9596",24.07
"9597",24.07
"9598",24.07
"9599",24.07
"9600",24.07
"9601",24.07
"9602",24.07
"9603",24.07
"9604",24.07
"9605",24.07
"9606",14.39
"9607",14.39
"9608",14.39
"9609",14.39
"9610",14.39
"9611",14.39
"9612",14.39
"9613",13.87
"9614",13.87
"9615",13.87
"9616",13.87
"9617",27.91
"9618",27.91
"9619",27.91
"9620",27.91
"9621",25.06
"9622",27.91
"9623",30.99
"9624",27.91
"9625",27.91
"9626",27.91
"9627",27.91
"9628",27.91
"9629",27.91
"9630",27.91
"9631",27.91
"9632",27.91
"9633",27.91
"9634",27.91
"9635",27.91
"9636",27.91
"9637",27.91
"9638",27.91
"9639",27.91
"9640",27.91
"9641",27.91
"9642",27.91
"9643",27.91
"9644",27.91
"9645",27.91
"9646",27.91
"9647",27.91
"9648",27.91
"9649",27.91
"9650",27.91
"9651",27.91
"9652",27.91
"9653",27.91
"9654",27.91
"9655",27.91
"9656",27.91
"9657",27.91
"9658",27.91
"9659",27.91
"9660",27.91
"9661",27.91
"9662",27.91
"9663",27.91
"9664",27.91
"9665",27.91
"9666",27.91
"9667",27.91
"9668",27.91
"9669",27.91
"9670",27.91
"9671",27.91
"9672",27.91
"9673",27.91
"9674",27.91
"9675",27.91
"9676",27.91
"9677",27.91
"9678",27.91
"9679",27.91
"9680",27.91
"9681",27.91
"9682",27.91
"9683",27.91
"9684",27.91
"9685",27.91
"9686",27.91
"9687",27.91
"9688",27.91
"9689",27.91
"9690",27.91
"9691",27.91
"9692",27.91
"9693",27.91
"9694",27.91
"9695",27.91
"9696",27.91
"9697",27.91
"9698",27.91
"9699",27.91
"9700",27.91
"9701",27.91
"9702",27.91
"9703",27.91
"9704",27.91
"9705",27.91
"9706",27.91
"9707",27.91
"9708",27.91
"9709",27.91
"9710",27.91
"9711",27.91
"9712",27.91
"9713",27.91
"9714",27.91
"9715",27.91
"9716",27.91
"9717",27.91
"9718",27.91
"9719",27.91
"9720",27.91
"9721",27.91
"9722",27.91
"9723",27.91
"9724",27.91
"9725",27.91
"9726",27.91
"9727",27.91
"9728",27.91
"9729",27.91
"9730",27.91
"9731",27.91
"9732",27.91
"9733",27.91
"9734",27.91
"9735",27.91
"9736",27.91
"9737",27.91
"9738",27.91
"9739",27.91
"9740",27.91
"9741",27.91
"9742",27.91
"9743",27.91
"9744",27.91
"9745",27.91
"9746",27.91
"9747",27.91
"9748",27.91
"9749",27.91
"9750",27.91
"9751",27.91
"9752",27.91
"9753",27.91
"9754",27.91
"9755",27.91
"9756",27.91
"9757",27.91
"9758",27.91
"9759",27.91
"9760",27.91
"9761",27.91
"9762",27.91
"9763",27.91
"9764",27.91
"9765",27.91
"9766",27.91
"9767",27.91
"9768",27.91
"9769",27.91
"9770",27.91
"9771",27.91
"9772",27.91
"9773",27.91
"9774",27.91
"9775",27.91
"9776",27.91
"9777",27.91
"9778",27.91
"9779",27.91
"9780",27.91
"9781",27.91
"9782",27.91
"9783",27.91
"9784",27.91
"9785",27.91
"9786",27.91
"9787",27.91
"9788",27.91
"9789",27.91
"9790",27.91
"9791",27.91
"9792",27.91
"9793",27.91
"9794",27.91
"9795",27.91
"9796",27.91
"9797",27.91
"9798",27.91
"9799",27.91
"9800",27.91
"9801",27.91
"9802",27.91
"9803",27.91
"9804",27.91
"9805",27.91
"9806",27.91
"9807",27.91
"9808",27.91
"9809",27.91
"9810",27.91
"9811",27.91
"9812",27.91
"9813",27.91
"9814",27.91
"9815",27.91
"9816",27.91
"9817",27.91
"9818",27.91
"9819",27.91
"9820",27.91
"9821",27.91
"9822",27.91
"9823",27.91
"9824",27.91
"9825",27.91
"9826",27.91
"9827",27.91
"9828",27.91
"9829",27.91
"9830",27.91
"9831",27.91
"9832",27.91
"9833",27.91
"9834",27.91
"9835",27.91
"9836",27.91
"9837",27.91
"9838",27.91
"9839",27.91
"9840",27.91
"9841",27.91
"9842",27.91
"9843",27.91
"9844",27.91
"9845",27.91
"9846",27.91
"9847",27.91
"9848",27.91
"9849",27.91
"9850",27.91
"9851",27.91
"9852",27.91
"9853",27.91
"9854",27.91
"9855",27.91
"9856",27.91
"9857",27.91
"9858",27.91
"9859",27.91
"9860",27.91
"9861",27.91
"9862",27.91
"9863",27.91
"9864",27.91
"9865",27.91
"9866",27.91
"9867",27.91
"9868",27.91
"9869",27.91
"9870",27.91
"9871",27.91
"9872",27.91
"9873",27.91
"9874",27.91
"9875",27.91
"9876",27.91
"9877",27.91
"9878",27.91
"9879",27.91
"9880",27.91
"9881",27.91
"9882",27.91
"9883",27.91
"9884",27.91
"9885",27.91
"9886",27.91
"9887",27.91
"9888",27.91
"9889",27.91
"9890",27.91
"9891",27.91
"9892",27.91
"9893",27.91
"9894",27.91
"9895",27.91
"9896",27.91
"9897",27.91
"9898",27.91
"9899",27.91
"9900",27.91
"9901",27.91
"9902",27.91
"9903",27.91
"9904",27.91
"9905",27.91
"9906",27.91
"9907",27.91
"9908",27.91
"9909",27.91
"9910",27.91
"9911",27.91
"9912",27.91
"9913",27.91
"9914",27.91
"9915",27.91
"9916",27.91
"9917",27.91
"9918",27.91
"9919",27.91
"9920",27.91
"9921",27.91
"9922",27.91
"9923",27.91
"9924",27.91
"9925",27.91
"9926",27.91
"9927",27.91
"9928",27.91
"9929",27.91
"9930",27.91
"9931",27.91
"9932",27.91
"9933",27.91
"9934",27.91
"9935",27.91
"9936",27.91
"9937",27.91
"9938",27.91
"9939",27.91
"9940",27.91
"9941",27.91
"9942",27.91
"9943",27.91
"9944",27.91
"9945",27.91
"9946",27.91
"9947",27.91
"9948",27.91
"9949",27.91
"9950",27.91
"9951",27.91
"9952",27.91
"9953",27.91
"9954",27.91
"9955",27.91
"9956",27.91
"9957",27.91
"9958",27.91
"9959",27.91
"9960",27.91
"9961",27.91
"9962",27.91
"9963",27.91
"9964",27.91
"9965",27.91
"9966",27.91
"9967",27.91
"9968",27.91
"9969",27.91
"9970",27.91
"9971",27.91
"9972",27.91
"9973",27.91
"9974",27.91
"9975",27.91
"9976",27.91
"9977",27.91
"9978",27.91
"9979",27.91
"9980",27.91
"9981",27.91
"9982",27.91
"9983",27.91
"9984",27.91
"9985",27.91
"9986",27.91
"9987",27.91
"9988",27.91
"9989",27.91
"9990",27.91
"9991",27.91
"9992",27.91
"9993",27.91
"9994",27.91
"9995",27.91
"9996",27.91
"9997",27.91
"9998",27.91
"9999",27.91
